363566, 3.33327e+006, -0, -0.13, 10.1667, 33.2694, 0.00899103, -2.31621, 10.1003
366123, 3.33333e+006, 0, -0.13, 10.1667, 33.2825, 0.027482, -2.30266, 10.0907
368620, 3.3334e+006, -0, -0.13, 10.1667, 33.3204, -0.0259938, -2.37114, 10.0616
370820, 3.3334e+006, 0, -0.13, 10.1667, 33.3499, 0.0671487, -2.429, 10.0377
372570, 3.3334e+006, -0, -0.13, 10.1667, 33.3397, 0.0535968, -2.49887, 10.0447
373980, 3.3334e+006, 0, -0.13, 10.1667, 33.295, -0.0705806, -2.53312, 10.0767
375370, 3.3335e+006, -0, -0.13, 10.1667, 33.2805, -0.0500032, -2.57909, 10.0877
376720, 3.3335e+006, 0, -0.13, 10.1667, 33.2781, -0.0362378, -2.62504, 10.0889
378030, 3.3336e+006, -0, -0.13, 10.1667, 33.2614, -0.0554305, -2.65957, 10.1012
379380, 3.3336e+006, 0, -0.13, 10.1667, 33.2662, -0.0461087, -2.68994, 10.0973
380780, 3.3335e+006, -0, -0.13, 10.1667, 33.2538, -0.0290778, -2.70134, 10.1064
382220, 3.3334e+006, 0, -0.13, 10.1667, 33.2565, 0.00687602, -2.71635, 10.1045
383640, 3.3333e+006, -0, -0.13, 10.1667, 33.2543, -0.0264897, -2.74651, 10.1048
385120, 3.3332e+006, 0, -0.13, 10.1667, 33.294, 0.0218218, -2.81896, 10.0764
386560, 3.333e+006, -0, -0.13, 10.1667, 33.3081, 0.0640374, -2.90407, 10.0652
387840, 3.3329e+006, 0, -0.13, 10.1667, 33.2922, -0.0125308, -2.95489, 10.0769
389040, 3.3328e+006, -0, -0.13, 10.1667, 33.2787, -0.120431, -3.01074, 10.087
390200, 3.3327e+006, 0, -0.13, 10.1667, 33.2707, -0.247594, -3.04744, 10.0918
391410, 3.3328e+006, -0, -0.13, 10.1667, 33.2864, -0.285945, -3.11242, 10.0796
392700, 3.3328e+006, 0, -0.13, 10.1667, 33.3185, -0.169307, -3.17625, 10.0566
393890, 3.3328e+006, -0, -0.13, 10.1667, 33.3414, -0.12863, -3.20475, 10.0395
394920, 3.3328e+006, 0, -0.13, 10.1667, 33.3457, -0.23926, -3.73081, 10.0357
395910, 3.3328e+006, -0, -0.13, 10.1667, 33.3372, -0.341804, -3.9282, 10.0396
396890, 3.3329e+006, 0, -0.13, 10.1667, 33.3507, -0.311189, -3.80382, 10.0286
397900, 3.333e+006, -0, -0.13, 10.1667, 33.3677, -0.330377, -4.16343, 10.0126
398640, 3.3332e+006, 0, -0.13, 10.1667, 33.3633, -0.352829, -3.61045, 10.0221
399590, 3.3333e+006, -0, -0.13, 10.1667, 33.3928, -0.119104, -4.17563, 9.98073
400970, 3.3333e+006, 0, -0.13, 10.1667, 33.3569, 0.0481204, -5.10799, 9.95367
402300, 3.3332e+006, -0, -0.13, 10.1667, 33.3896, 0.174537, -4.75316, 9.97704
403660, 3.3331e+006, 0, -0.13, 10.1667, 33.3651, 0.0326082, -3.75454, 10.0192
405260, 3.333e+006, -0, -0.13, 10.1667, 33.3362, 0.00334377, -3.31624, 10.0409
407140, 3.333e+006, 0, -0.13, 10.1667, 33.3258, 0.0463943, -3.31675, 10.048
409160, 3.3329e+006, -0, -0.13, 10.1667, 33.3236, -0.0164669, -3.39727, 10.0496
411370, 3.333e+006, 0, -0.13, 10.1667, 33.3248, -0.178103, -3.51402, 10.0461
414106, 3.33308e+006, -0, -0.13, 10.1667, 33.3613, 0.0101711, -4.546, 10.0086
417593, 3.3331e+006, 0, -0.13, 10.1667, 33.4381, 0.12717, -5.04697, 9.93162
363589, 3.33488e+006, -0, -0.13, 10.1667, 33.7136, -0.0328674, -4.62189, 9.94627
366144, 3.33489e+006, 0, -0.13, 10.1667, 33.7157, -0.0386866, -4.62126, 9.93995
368620, 3.3349e+006, -0, -0.13, 10.1667, 33.7152, -0.0523146, -4.77211, 9.94277
370820, 3.3349e+006, 0, -0.13, 10.1667, 33.7181, 0.138286, -5.0023, 9.93527
372570, 3.3349e+006, -0, -0.13, 10.1667, 33.7186, 0.110752, -5.16363, 9.92954
373980, 3.3349e+006, 0, -0.13, 10.1667, 33.7159, -0.14616, -5.24566, 9.93179
375370, 3.3349e+006, -0, -0.13, 10.1667, 33.7153, -0.103745, -5.35101, 9.93452
376720, 3.335e+006, 0, -0.13, 10.1667, 33.7123, -0.0747383, -5.414, 9.93794
378030, 3.335e+006, -0, -0.13, 10.1667, 33.7117, -0.113868, -5.46344, 9.93784
379380, 3.335e+006, 0, -0.13, 10.1667, 33.7105, -0.0944252, -5.50867, 9.9373
380780, 3.335e+006, -0, -0.13, 10.1667, 33.712, -0.0602548, -5.59769, 9.93125
382220, 3.3349e+006, 0, -0.13, 10.1667, 33.7149, 0.0144891, -5.72386, 9.92149
383640, 3.3349e+006, -0, -0.13, 10.1667, 33.7141, -0.0559116, -5.79705, 9.91428
385120, 3.3348e+006, 0, -0.13, 10.1667, 33.7181, 0.0452926, -5.85094, 9.90261
386560, 3.3348e+006, -0, -0.13, 10.1667, 33.72, 0.131121, -5.9463, 9.88954
387840, 3.3347e+006, 0, -0.13, 10.1667, 33.7216, -0.0254797, -6.00837, 9.88162
389040, 3.3347e+006, -0, -0.13, 10.1667, 33.7234, -0.242868, -6.07163, 9.87576
390200, 3.3347e+006, 0, -0.13, 10.1667, 33.7221, -0.496073, -6.10578, 9.87516
391410, 3.3347e+006, -0, -0.13, 10.1667, 33.7202, -0.56982, -6.20232, 9.87607
392700, 3.3347e+006, 0, -0.13, 10.1667, 33.7189, -0.33571, -6.29799, 9.87442
393890, 3.3347e+006, -0, -0.13, 10.1667, 33.7208, -0.254013, -6.32862, 9.87371
394920, 3.3347e+006, 0, -0.13, 10.1667, 33.682, -0.475003, -7.40678, 9.86192
395910, 3.3347e+006, -0, -0.13, 10.1667, 33.649, -0.683921, -7.86, 9.85294
396890, 3.3347e+006, 0, -0.13, 10.1667, 33.6537, -0.629496, -7.69464, 9.85465
397900, 3.3348e+006, -0, -0.13, 10.1667, 33.6031, -0.671242, -8.45902, 9.84429
398640, 3.3348e+006, 0, -0.13, 10.1667, 33.7035, -0.710893, -7.27448, 9.87408
399590, 3.3349e+006, -0, -0.13, 10.1667, 33.5365, -0.239303, -8.38961, 9.83661
400970, 3.3349e+006, 0, -0.13, 10.1667, 33.1726, 0.0951539, -10.1006, 9.73453
402300, 3.3349e+006, -0, -0.13, 10.1667, 33.4343, 0.344078, -9.37024, 9.80473
403660, 3.3348e+006, 0, -0.13, 10.1667, 33.6867, 0.0649834, -7.48225, 9.86388
405260, 3.3348e+006, -0, -0.13, 10.1667, 33.7138, 0.00676011, -6.70445, 9.87005
407140, 3.3348e+006, 0, -0.13, 10.1667, 33.7148, 0.0948182, -6.77859, 9.86888
409160, 3.3348e+006, -0, -0.13, 10.1667, 33.7152, -0.0330217, -6.81267, 9.86612
411370, 3.3348e+006, 0, -0.13, 10.1667, 33.7132, -0.347131, -6.84897, 9.86525
414106, 3.33477e+006, -0, -0.13, 10.1667, 33.595, 0.0457999, -9.0616, 9.83253
417556, 3.33479e+006, 0, -0.13, 10.1667, 33.4789, 0.00259609, -9.65184, 9.79787
363650, 3.3365e+006, -0, -0.13, 10.1667, 33.4645, 0.649671, -5.61579, 9.75868
366180, 3.3365e+006, 0, -0.13, 10.1667, 33.446, 2.30055, -6.2234, 9.75637
368620, 3.3364e+006, -0, -0.13, 10.1667, 33.4938, 3.58065, -5.56227, 9.77287
370820, 3.3364e+006, 0, -0.13, 10.1667, 33.4974, 4.75581, -5.39833, 9.7694
372570, 3.3364e+006, -0, -0.13, 10.1667, 33.4983, 5.5952, -5.31125, 9.765
373980, 3.3364e+006, 0, -0.13, 10.1667, 33.5011, 5.85807, -5.43621, 9.76312
375370, 3.3364e+006, -0, -0.13, 10.1667, 33.5032, 6.11766, -5.40103, 9.76126
376720, 3.3364e+006, 0, -0.13, 10.1667, 33.5048, 6.18824, -5.32852, 9.7607
378030, 3.3364e+006, -0, -0.13, 10.1667, 33.5053, 5.97511, -5.38108, 9.76135
379380, 3.3364e+006, 0, -0.13, 10.1667, 33.5045, 5.61238, -5.37495, 9.76205
380780, 3.3364e+006, -0, -0.13, 10.1667, 33.5023, 5.12115, -5.51837, 9.76329
382220, 3.3364e+006, 0, -0.13, 10.1667, 33.4998, 4.68903, -5.69782, 9.76392
383640, 3.3365e+006, -0, -0.13, 10.1667, 33.4963, 4.14721, -5.94772, 9.76561
385120, 3.3365e+006, 0, -0.13, 10.1667, 33.4934, 3.62507, -6.04789, 9.7669
386560, 3.3366e+006, -0, -0.13, 10.1667, 33.4901, 3.15378, -6.13824, 9.76827
387840, 3.3366e+006, 0, -0.13, 10.1667, 33.4879, 2.71013, -6.29881, 9.7707
389040, 3.3366e+006, -0, -0.13, 10.1667, 33.4868, 2.36879, -6.31382, 9.77326
390200, 3.3366e+006, 0, -0.13, 10.1667, 33.4875, 1.99915, -6.34454, 9.77665
391410, 3.3366e+006, -0, -0.13, 10.1667, 33.4887, 1.6031, -6.28462, 9.77883
392700, 3.3366e+006, 0, -0.1298, 10.1667, 33.4694, 1.49311, -7.08427, 9.77425
393890, 3.3366e+006, -0, -0.1298, 10.1667, 33.5118, 1.71828, -7.05994, 9.79508
394920, 3.3366e+006, 0, -0.1297, 10.1667, 32.7657, 2.2703, -10.7641, 9.57195
395910, 3.3366e+006, -0, -0.1295, 10.1667, 32.1391, 3.23578, -12.7871, 9.38184
396890, 3.3366e+006, 0, -0.1292, 10.1667, 32.3984, 4.54247, -11.092, 9.46363
397900, 3.3365e+006, -0, -0.1292, 10.1667, 31.4222, 5.19285, -14.1576, 9.1595
398640, 3.3365e+006, 0, -0.13, 10.1667, 33.0963, 5.24961, -11.6941, 9.65564
399590, 3.3365e+006, -0, -0.1291, 10.1667, 31.5592, 7.02653, -13.6582, 9.21953
400970, 3.3365e+006, 0, -0.1291, 10.1667, 28.1353, 10.2195, -13.7849, 8.1655
402300, 3.3365e+006, -0, -0.1297, 10.1667, 29.3862, 10.895, -15.0402, 8.56549
403660, 3.3365e+006, 0, -0.13, 10.1667, 32.8452, 8.39298, -9.94892, 9.58261
405260, 3.3365e+006, -0, -0.13, 10.1667, 33.4517, 6.45158, -6.88124, 9.75922
407140, 3.3366e+006, 0, -0.13, 10.1667, 33.4788, 5.0331, -6.48871, 9.77615
409160, 3.3366e+006, -0, -0.13, 10.1667, 33.4787, 3.63848, -6.65339, 9.78618
411370, 3.3365e+006, 0, -0.1298, 10.1667, 33.5019, 2.14838, -6.86364, 9.79942
414160, 3.3365e+006, -0, -0.1297, 10.1667, 31.7415, 2.33193, -11.822, 9.27207
417550, 3.3365e+006, 0, -0.1297, 10.1667, 30.6442, 1.90809, -11.5157, 8.91034
363770, 3.3382e+006, -0, -0.13, 10.1667, 31.8512, 0.990601, -11.6897, 9.38978
366260, 3.3381e+006, 0, -0.13, 10.1667, 31.4454, 3.35916, -12.8671, 9.26893
368650, 3.338e+006, -0, -0.13, 10.1667, 32.7913, 4.30408, -9.25665, 9.65495
370780, 3.338e+006, 0, -0.13, 10.1667, 33.0769, 5.28157, -7.96347, 9.73698
372540, 3.338e+006, -0, -0.13, 10.1667, 33.1381, 6.01606, -7.06139, 9.74656
374030, 3.338e+006, 0, -0.13, 10.1667, 33.1563, 6.16024, -6.57055, 9.74451
375410, 3.3379e+006, -0, -0.13, 10.1667, 33.147, 6.27516, -6.60368, 9.73897
376750, 3.3379e+006, 0, -0.13, 10.1667, 33.186, 6.37342, -5.59937, 9.74804
378070, 3.3379e+006, -0, -0.13, 10.1667, 33.1916, 6.13642, -5.25735, 9.74984
379410, 3.3379e+006, 0, -0.13, 10.1667, 33.1912, 5.63568, -5.17835, 9.75002
380800, 3.338e+006, -0, -0.13, 10.1667, 33.188, 5.01272, -5.24601, 9.75302
382220, 3.338e+006, 0, -0.13, 10.1667, 33.1853, 4.4473, -5.31426, 9.75625
383660, 3.3382e+006, -0, -0.13, 10.1667, 33.1838, 3.94048, -5.47493, 9.75808
385110, 3.3383e+006, 0, -0.13, 10.1667, 33.1812, 3.47477, -5.71228, 9.76221
386540, 3.3384e+006, -0, -0.13, 10.1667, 33.1796, 3.17263, -5.92716, 9.76554
387900, 3.3385e+006, 0, -0.13, 10.1667, 33.1807, 2.94059, -5.95244, 9.76876
389210, 3.3386e+006, -0, -0.13, 10.1667, 33.1606, 2.60836, -6.75791, 9.76196
390470, 3.3386e+006, 0, -0.13, 10.1667, 33.1777, 2.22625, -6.58013, 9.76626
391720, 3.3385e+006, -0, -0.1298, 10.1667, 33.203, 2.18165, -5.89918, 9.78102
392940, 3.3385e+006, 0, -0.1202, 10.1667, 32.6448, 2.52556, -9.84117, 9.59406
394100, 3.3385e+006, -0, -0.1197, 10.1667, 33.2017, 2.45773, -10.6497, 9.75507
395180, 3.3384e+006, 0, -0.1098, 10.1667, 25.5945, 3.74165, -14.2468, 7.52598
396210, 3.3384e+006, -0, -0.0998, 10.1667, 22.9263, 6.21991, -17.2735, 6.74506
397200, 3.3384e+006, 0, -0.085, 10.1667, 23.0279, 7.97103, -15.7574, 6.77799
398190, 3.3383e+006, -0, -0.0814, 10.1667, 19.0149, 9.39156, -20.9596, 5.5303
398910, 3.3382e+006, 0, -0.1283, 10.1667, 25.2181, 10.0185, -20.6565, 7.38124
399710, 3.3381e+006, -0, -0.0719, 10.1667, 21.429, 9.543, -18.3364, 6.22016
400920, 3.338e+006, 0, -0.0714, 10.1667, 16.8865, 10.9058, -16.3621, 4.83585
402200, 3.3381e+006, -0, -0.1097, 10.1667, 17.5508, 12.6818, -15.7402, 5.14576
403620, 3.3382e+006, 0, -0.13, 10.1667, 26.6569, 11.5402, -15.9245, 7.85431
405250, 3.3383e+006, -0, -0.13, 10.1667, 32.6615, 6.91846, -8.61842, 9.61678
407120, 3.3384e+006, 0, -0.13, 10.1667, 33.1317, 4.92403, -6.78314, 9.75354
409190, 3.3384e+006, -0, -0.13, 10.1667, 33.1683, 3.85577, -6.08998, 9.77533
411510, 3.3383e+006, 0, -0.1205, 10.1667, 33.3768, 2.49932, -6.4569, 9.81926
414280, 3.3382e+006, -0, -0.1103, 10.1667, 24.6893, 1.42317, -11.8662, 7.27026
417570, 3.3381e+006, 0, -0.1102, 10.1667, 24.6892, 0.929341, -12.159, 7.27007
363910, 3.34e+006, -0, -0.1097, 10.1667, 22.6757, 2.06768, -13.5271, 6.74445
366360, 3.3398e+006, 0, -0.11, 10.1667, 21.5857, 7.64585, -14.4936, 6.46126
368700, 3.3398e+006, -0, -0.1195, 10.1667, 26.0514, 9.50519, -13.9896, 7.68499
370800, 3.3398e+006, 0, -0.1202, 10.1667, 30.3026, 9.07385, -14.9689, 8.98762
372570, 3.3397e+006, -0, -0.1295, 10.1667, 31.7129, 9.03392, -11.6937, 9.41241
374080, 3.3397e+006, 0, -0.13, 10.1667, 32.0893, 9.03958, -9.47776, 9.52313
375450, 3.3396e+006, -0, -0.13, 10.1667, 31.5911, 8.25078, -11.0462, 9.37437
376760, 3.3396e+006, 0, -0.13, 10.1667, 32.7145, 7.04905, -7.05195, 9.69237
378060, 3.3396e+006, -0, -0.13, 10.1667, 32.8878, 6.09454, -5.15561, 9.73791
379380, 3.3397e+006, 0, -0.13, 10.1667, 32.9004, 5.42987, -4.91805, 9.74384
380730, 3.3398e+006, -0, -0.13, 10.1667, 32.8972, 4.84185, -5.03505, 9.74697
382130, 3.3399e+006, 0, -0.13, 10.1667, 32.8939, 4.27642, -5.08867, 9.74937
383560, 3.3401e+006, -0, -0.13, 10.1667, 32.8938, 3.74058, -5.0131, 9.75287
385020, 3.3403e+006, 0, -0.13, 10.1667, 32.8882, 3.31211, -5.19375, 9.75535
386490, 3.3405e+006, -0, -0.13, 10.1667, 32.8909, 3.10572, -5.0443, 9.76164
387950, 3.3406e+006, 0, -0.13, 10.1667, 32.9032, 3.41569, -5.42854, 9.76781
389380, 3.3406e+006, -0, -0.1297, 10.1667, 32.0562, 4.63046, -9.26525, 9.53382
390750, 3.3406e+006, 0, -0.1202, 10.1667, 32.7245, 4.78034, -7.13724, 9.67405
392050, 3.3405e+006, -0, -0.1195, 10.1667, 33.1966, 3.18471, -5.87196, 9.91399
393270, 3.3404e+006, 0, -0.1095, 10.1667, 26.6677, 3.30112, -10.1242, 7.83674
394420, 3.3403e+006, -0, -0.0992, 10.1667, 24.3689, 4.25863, -13.8274, 7.21601
395500, 3.3402e+006, 0, -0.0798, 10.1667, 18.1958, 5.76863, -14.965, 5.4101
396540, 3.3401e+006, -0, -0.0697, 10.1667, 15.0953, 8.61061, -16.4525, 4.5772
397580, 3.34e+006, 0, -0.0508, 10.1667, 12.8496, 9.86098, -17.5104, 3.99281
398590, 3.3399e+006, -0, -0.0706, 10.1667, 11.1807, 9.19832, -19.5037, 3.36889
399260, 3.3397e+006, 0, -0.1281, 10.1667, 16.0929, 9.85812, -22.0921, 4.83605
399910, 3.3396e+006, -0, -0.0709, 10.1667, 21.7978, 9.37485, -16.3201, 6.41917
400860, 3.3396e+006, 0, -0.0605, 10.1667, 18.3935, 9.90833, -14.7209, 5.4731
402050, 3.3397e+006, -0, -0.0802, 10.1667, 16.334, 9.03335, -10.2376, 4.72585
403510, 3.3399e+006, 0, -0.1003, 10.1667, 18.7081, 10.8888, -13.2557, 5.56755
405160, 3.34e+006, -0, -0.1198, 10.1667, 28.9959, 10.0894, -12.8361, 8.60351
407090, 3.3402e+006, 0, -0.13, 10.1667, 31.6861, 6.23319, -9.02128, 9.39971
409250, 3.3402e+006, -0, -0.13, 10.1667, 32.8289, 3.85365, -5.59853, 9.74743
411650, 3.3401e+006, 0, -0.1295, 10.1667, 33.1153, 2.37664, -5.56022, 9.82423
414420, 3.3399e+006, -0, -0.1006, 10.1667, 25.0453, 1.67164, -7.69886, 7.45296
417610, 3.3398e+006, 0, -0.1, 10.1667, 24.6892, 0.919313, -8.87912, 7.33674
364050, 3.3418e+006, -0, -0.0606, 10.1667, 16.1117, 2.31772, -10.8478, 4.77814
366450, 3.3417e+006, 0, -0.0702, 10.1667, 16.1092, 6.44281, -10.9113, 4.76578
368760, 3.3416e+006, -0, -0.08, 10.1667, 16.1088, 8.51294, -13.5978, 4.76531
370880, 3.3417e+006, 0, -0.0895, 10.1667, 18.7259, 11.5079, -16.6536, 5.62437
372650, 3.3416e+006, -0, -0.0902, 10.1667, 22.5354, 11.6738, -11.7038, 6.72893
374110, 3.3415e+006, 0, -0.0998, 10.1667, 23.987, 9.949, -9.6065, 7.15777
375420, 3.3415e+006, -0, -0.11, 10.1667, 20.95, 11.0166, -9.99518, 6.24483
376680, 3.3415e+006, 0, -0.1198, 10.1667, 27.8791, 10.898, -10.6792, 8.34545
377930, 3.3415e+006, -0, -0.1297, 10.1667, 31.6201, 7.7595, -6.69087, 9.46554
379210, 3.3417e+006, 0, -0.1298, 10.1667, 32.1975, 6.35819, -5.73373, 9.63337
380540, 3.3419e+006, -0, -0.1298, 10.1667, 32.1831, 5.94157, -5.99687, 9.63338
381930, 3.3421e+006, 0, -0.1298, 10.1667, 32.1366, 5.69616, -6.29158, 9.62293
383370, 3.3423e+006, -0, -0.1297, 10.1667, 32.1883, 5.42787, -6.11198, 9.63917
384870, 3.3426e+006, 0, -0.1294, 10.1667, 31.9799, 5.49036, -6.70939, 9.57426
386420, 3.3428e+006, -0, -0.12, 10.1667, 32.2563, 5.58782, -5.2332, 9.65323
388030, 3.3429e+006, 0, -0.1194, 10.1667, 31.6153, 5.76614, -8.91877, 9.41719
389630, 3.3429e+006, -0, -0.1098, 10.1667, 23.6132, 7.9018, -11.5358, 7.16775
391150, 3.3428e+006, 0, -0.0997, 10.1667, 25.3687, 9.95276, -3.3857, 7.56674
392540, 3.3425e+006, -0, -0.0894, 10.1667, 26.1294, 7.45098, -4.60426, 7.74481
393780, 3.3423e+006, 0, -0.0698, 10.1667, 21.1928, 6.77795, -8.98802, 6.27889
394900, 3.342e+006, -0, -0.0413, 10.1667, 14.4757, 8.05536, -14.9, 4.314
395950, 3.3418e+006, 0, -0.0311, 10.1667, 9.8004, 9.49967, -18.0879, 3.03108
396950, 3.3417e+006, -0, -0.0306, 10.1667, 7.93582, 9.19062, -19.0795, 2.66364
397970, 3.3415e+006, 0, -0.0308, 10.1667, 7.93582, 6.63277, -19.4964, 2.14012
398950, 3.3414e+006, -0, -0.0608, 10.1667, 8.65051, 4.70482, -18.6437, 2.77781
399600, 3.3412e+006, 0, -0.1281, 10.1667, 16.7388, 6.47659, -21.8421, 5.19133
400120, 3.3412e+006, -0, -0.08, 10.1667, 21.3047, 9.25328, -17.4372, 6.43173
400820, 3.3412e+006, 0, -0.0508, 10.1667, 19.6741, 11.7219, -15.0152, 5.82393
401880, 3.3413e+006, -0, -0.0603, 10.1667, 16.7838, 10.1734, -9.09413, 5.00814
403330, 3.3415e+006, 0, -0.0802, 10.1667, 16.1809, 7.69169, -5.15645, 4.81143
405000, 3.3418e+006, -0, -0.0998, 10.1667, 20.6139, 7.59925, -11.8281, 6.13917
407030, 3.3419e+006, 0, -0.11, 10.1667, 23.4345, 6.56059, -8.42008, 7.0113
409310, 3.342e+006, -0, -0.12, 10.1667, 30.8145, 5.88162, -8.36487, 9.23195
411780, 3.3419e+006, 0, -0.1289, 10.1667, 32.1042, 3.98455, -8.03286, 9.61886
414570, 3.3417e+006, -0, -0.1003, 10.1667, 24.9411, 3.00999, -5.46835, 7.47255
417680, 3.3416e+006, 0, -0.0902, 10.1667, 24.4631, 1.45005, -6.77121, 7.32037
413930, 3.3459e+006, -0, -0.0103, 10.1667, 8.11026, 6.71283, -2.30027, 2.66692
415180, 3.346e+006, 0, -0.0198, 10.1667, 8.28406, 10.6443, -0.41887, 2.72865
416520, 3.3461e+006, -0, -0.0106, 10.1667, 8.34665, 7.37945, -1.18444, 2.79878
418140, 3.3462e+006, 0, -0.0198, 10.1667, 8.35161, 3.06525, -1.09044, 2.63895
356820, 3.3443e+006, -0, -0.05, 10.1667, 31.0001, 1.283, -0.197256, 11.5981
359360, 3.344e+006, 0, -0.05, 10.1667, 20.0498, 3.04087, -0.383704, 6.3746
361800, 3.3437e+006, -0, -0.0498, 10.1667, 16.8064, 6.37898, -4.17917, 5.06797
364180, 3.3435e+006, 0, -0.05, 10.1667, 16.2252, 8.42473, -10.9237, 4.87306
366510, 3.3434e+006, -0, -0.05, 10.1667, 16.162, 7.69872, -11.8624, 4.84906
368790, 3.3434e+006, 0, -0.05, 10.1667, 16.1083, 7.66807, -12.9895, 4.84397
370990, 3.3435e+006, -0, -0.05, 10.1667, 15.991, 9.15282, -15.4029, 4.66557
372700, 3.3436e+006, 0, -0.0506, 10.1667, 15.9933, 9.68114, -4.19792, 4.73858
373980, 3.3436e+006, -0, -0.0608, 10.1667, 15.9946, 7.97284, -3.49034, 4.76282
375200, 3.3436e+006, 0, -0.0803, 10.1667, 15.9949, 7.62019, -2.50479, 4.74142
376330, 3.3436e+006, -0, -0.0905, 10.1667, 19.3743, 9.93815, -5.7467, 5.81117
377540, 3.3437e+006, 0, -0.1003, 10.1667, 23.0158, 9.76581, -3.03555, 6.91047
378790, 3.344e+006, -0, -0.1005, 10.1667, 23.7188, 8.9039, -1.84429, 7.11753
380100, 3.3443e+006, 0, -0.1005, 10.1667, 23.859, 8.95164, -2.24247, 7.17144
381570, 3.3446e+006, -0, -0.1005, 10.1667, 23.9312, 9.07374, -2.91098, 7.20229
383100, 3.3449e+006, 0, -0.1003, 10.1667, 23.9349, 9.24679, -2.92777, 7.20469
384660, 3.3452e+006, -0, -0.0908, 10.1667, 23.9376, 8.99781, -3.72972, 7.20646
386340, 3.3454e+006, 0, -0.0903, 10.1667, 25.0099, 7.89883, -2.65584, 7.51574
388170, 3.3456e+006, -0, -0.0808, 10.1667, 17.0651, 6.53307, -6.37047, 5.15105
390050, 3.3455e+006, 0, -0.0802, 10.1667, 16.1524, 2.30396, -5.67879, 4.80495
391830, 3.3451e+006, -0, -0.0605, 10.1667, 19.352, 4.87185, 0.354374, 5.75034
393350, 3.3447e+006, 0, -0.0316, 10.1667, 14.116, 9.73798, -5.53249, 4.22293
394580, 3.3442e+006, -0, -0.0308, 10.1667, 10.8545, 9.19944, -10.3384, 3.35382
395640, 3.3438e+006, 0, -0.0398, 10.1667, 8.706, 6.35931, -14.5897, 2.81526
396590, 3.3434e+006, -0, -0.0395, 10.1667, 8.08498, 4.94509, -18.4427, 2.64004
397500, 3.3432e+006, 0, -0.0302, 10.1667, 8.13132, 4.7399, -21.0546, 2.86172
398390, 3.343e+006, -0, -0.0306, 10.1667, 7.93582, 4.90741, -22.1003, 2.31174
399260, 3.3429e+006, 0, -0.0609, 10.1667, 10.0229, 5.31499, -24.5949, 3.1947
399890, 3.3428e+006, -0, -0.128, 10.1667, 17.4034, 7.27049, -26.3502, 5.42362
400310, 3.3428e+006, 0, -0.0708, 10.1667, 21.7458, 8.62128, -23.3746, 6.60739
400810, 3.3428e+006, -0, -0.0505, 10.1667, 20.1005, 12.6728, -21.083, 6.01771
401740, 3.3429e+006, 0, -0.0505, 10.1667, 17.1179, 10.922, -3.69205, 5.10981
403090, 3.3431e+006, -0, -0.07, 10.1667, 16.2142, 5.89372, -1.08828, 4.88011
404740, 3.3434e+006, 0, -0.0803, 10.1667, 16.1983, 6.15845, -3.40122, 4.84884
406970, 3.3437e+006, -0, -0.0903, 10.1667, 23.2615, 7.36184, -2.88716, 6.98661
409390, 3.3438e+006, 0, -0.1002, 10.1667, 23.642, 8.23677, -5.73722, 7.11068
411890, 3.3437e+006, -0, -0.1005, 10.1667, 23.6454, 7.11976, -5.58289, 7.11168
414720, 3.3436e+006, 0, -0.0997, 10.1667, 24.2307, 5.39068, -2.60812, 7.33477
417760, 3.3434e+006, -0, -0.085, 10.1667, 24.2516, 2.37811, -3.26258, 7.31605
413810, 3.3465e+006, 0, -0.02, 10.1667, 8.04252, 3.72955, -5.81131, 2.65804
415140, 3.3467e+006, -0, -0.0297, 10.1667, 8.10326, 3.13729, -0.138343, 2.62251
416530, 3.3469e+006, 0, -0.0295, 10.1667, 8.16577, -1.24091, -1.2212, 2.62663
418120, 3.347e+006, -0, -0.02, 10.1667, 8.15409, -2.42395, -2.99819, 2.67686
419790, 3.3473e+006, 0, -0.0103, 10.1667, 8.27398, 2.45966, -2.55011, 2.71559
421410, 3.3474e+006, -0, -0.0103, 10.1667, 8.30294, 5.3572, -1.27669, 2.85594
423010, 3.3474e+006, 0, -0.0197, 10.1667, 8.29475, -0.149153, -0.359934, 2.64545
424650, 3.3475e+006, -0, -0.0102, 10.1667, 8.48532, 0, 0, 2.63775
357080, 3.346e+006, 0, -0.05, 10.1667, 31.0001, 1.66335, -0.237519, 11.5981
359580, 3.3457e+006, -0, -0.05, 10.1667, 20.4632, 3.67549, -0.445434, 6.57538
361970, 3.3455e+006, 0, -0.0502, 10.1667, 16.8045, 4.60474, -8.56395, 5.13301
364290, 3.3453e+006, -0, -0.0594, 10.1667, 16.0649, 6.02206, -9.58137, 4.88518
366570, 3.3452e+006, 0, -0.0502, 10.1667, 16.003, 5.5794, -11.775, 4.84842
368800, 3.3451e+006, -0, -0.0498, 10.1667, 15.9889, 3.79155, -13.5195, 4.84605
371050, 3.345e+006, 0, -0.05, 10.1667, 15.9913, 0.76322, -16.8212, 4.8732
394110, 3.3464e+006, -0, -0.0397, 10.1667, 8.81559, 0, 0, 2.71412
395350, 3.3457e+006, 0, -0.0303, 10.1667, 8.07871, 2.525, -3.89641, 2.57871
396370, 3.3452e+006, -0, -0.0395, 10.1667, 8.04118, -2.33914, -13.5699, 2.63007
397220, 3.3448e+006, 0, -0.0303, 10.1667, 8.09885, -0.75879, -18.1438, 2.68901
397990, 3.3445e+006, -0, -0.0302, 10.1667, 7.99354, -0.399216, -20.0189, 2.7952
398730, 3.3443e+006, 0, -0.0403, 10.1667, 7.99922, -0.282768, -21.8035, 2.4455
399450, 3.3441e+006, -0, -0.0798, 10.1667, 13.4699, 3.09322, -27.5809, 4.20703
400010, 3.3441e+006, 0, -0.1283, 10.1667, 18.8999, 3.09557, -28.8716, 5.82043
400410, 3.344e+006, -0, -0.0711, 10.1667, 18.5525, 1.48657, -24.2473, 5.61741
400830, 3.344e+006, 0, -0.0605, 10.1667, 15.6182, 1.3961, -21.5974, 4.78847
412210, 3.347e+006, -0, -0.0103, 10.1667, 8.15759, 2.3143, -1.86994, 2.68046
413670, 3.3472e+006, 0, -0.02, 10.1667, 8.04287, 3.63702, -4.58079, 2.76313
415070, 3.3475e+006, -0, -0.0298, 10.1667, 8.03956, 0.58596, 1.53383, 2.64065
416500, 3.3476e+006, 0, -0.0298, 10.1667, 8.06789, 0.107529, 0.243835, 2.62471
418060, 3.3478e+006, -0, -0.0203, 10.1667, 8.09735, -0.145678, -2.90097, 2.66904
419700, 3.3479e+006, 0, -0.0198, 10.1667, 8.06372, -0.807107, -5.09985, 2.65831
421370, 3.3479e+006, -0, -0.0198, 10.1667, 8.08362, -1.49525, -2.7415, 2.67037
423020, 3.348e+006, 0, -0.0198, 10.1667, 8.11173, -1.118, -0.426567, 2.69275
424670, 3.348e+006, -0, -0.0103, 10.1667, 8.15812, -0.168998, -4.96252, 2.67976
357330, 3.3478e+006, 0, -0.05, 10.1667, 31.0001, 2.21474, -0.297558, 11.5981
359800, 3.3475e+006, -0, -0.05, 10.1667, 20.821, 4.35961, -0.522596, 6.75959
362140, 3.3472e+006, 0, -0.0502, 10.1667, 16.8451, 4.18224, -9.15554, 5.20303
364420, 3.347e+006, -0, -0.0597, 10.1667, 15.9292, 5.13416, -9.24854, 4.88254
366660, 3.3468e+006, 0, -0.0598, 10.1667, 15.8692, 4.35574, -9.94459, 4.86607
368870, 3.3467e+006, -0, -0.0597, 10.1667, 15.8638, 1.32307, -11.0451, 4.86628
371160, 3.3464e+006, 0, -0.05, 10.1667, 15.8385, -5.91891, -12.7805, 4.83718
373800, 3.3462e+006, -0, -0.0497, 10.1667, 15.4867, -7.42127, -2.67103, 4.7314
376520, 3.3465e+006, 0, -0.0305, 10.1667, 8.43646, -4.56364, -4.29794, 2.65666
378900, 3.3469e+006, -0, -0.0302, 10.1667, 8.06109, -3.30197, -2.47545, 2.59813
380950, 3.3473e+006, 0, -0.03, 10.1667, 8.00618, -2.9674, -4.0538, 2.57753
382690, 3.3477e+006, -0, -0.03, 10.1667, 8.00948, -1.61155, -3.1389, 2.59326
384320, 3.348e+006, 0, -0.03, 10.1667, 8.0142, -0.229275, -2.2829, 2.62043
385950, 3.3482e+006, -0, -0.03, 10.1667, 8.01651, 1.13427, -1.6217, 2.62947
387500, 3.3484e+006, 0, -0.0298, 10.1667, 8.02282, 2.81731, -0.903043, 2.62835
389180, 3.3485e+006, -0, -0.0202, 10.1667, 8.05267, 6.64713, -1.44946, 2.69867
390580, 3.3485e+006, 0, -0.0202, 10.1667, 8.05703, 8.28098, -1.21572, 2.73204
391530, 3.3485e+006, -0, -0.0297, 10.1667, 8.08806, 3.72931, 0.668682, 2.6346
396880, 3.3464e+006, 0, -0.0302, 10.1667, 8.26482, -5.90096, -17.8922, 2.85101
397690, 3.3461e+006, -0, -0.0302, 10.1667, 8.58579, -3.25064, -20.8105, 2.88691
398410, 3.3458e+006, 0, -0.0303, 10.1667, 7.96129, -1.49528, -20.7894, 2.65997
399050, 3.3456e+006, -0, -0.0408, 10.1667, 10.0533, -1.21328, -21.3988, 3.20647
399620, 3.3454e+006, 0, -0.08, 10.1667, 15.7231, 0.755035, -21.696, 4.83025
400060, 3.3454e+006, -0, -0.1286, 10.1667, 18.6372, -4.15661, -22.691, 5.71983
400400, 3.3453e+006, 0, -0.08, 10.1667, 16.2625, -9.56258, -15.755, 5.01987
400770, 3.3453e+006, -0, -0.08, 10.1667, 15.617, -12.5373, -13.4246, 4.78881
401300, 3.3454e+006, 0, -0.08, 10.1667, 15.7707, -13.4991, -6.76222, 4.84981
402010, 3.3455e+006, -0, -0.0698, 10.1667, 14.9139, -14.2129, -7.31657, 4.61517
402900, 3.3456e+006, 0, -0.05, 10.1667, 11.5587, -15.3812, -7.88661, 3.76125
403970, 3.3457e+006, -0, -0.0303, 10.1667, 7.99495, -15.8284, -7.56832, 2.42431
405270, 3.3458e+006, 0, -0.0203, 10.1667, 8.04133, -13.8989, -6.73425, 2.74494
406710, 3.3462e+006, -0, -0.0198, 10.1667, 8.06277, -8.76615, -8.21229, 2.67008
408120, 3.3467e+006, 0, -0.0103, 10.1667, 8.31271, 0, 0, 2.67537
410720, 3.3476e+006, -0, -0.0103, 10.1667, 8.04063, 0, 0, 2.74839
412070, 3.3478e+006, 0, -0.0198, 10.1667, 7.98405, 1.85837, -2.26159, 2.74169
413530, 3.348e+006, -0, -0.0203, 10.1667, 7.94132, -2.0489, -3.4475, 2.6463
414980, 3.3482e+006, 0, -0.0298, 10.1667, 7.96882, -2.58182, 1.72829, 2.63592
416450, 3.3484e+006, -0, -0.03, 10.1667, 7.98014, -0.677434, 0.203449, 2.6267
418010, 3.3485e+006, 0, -0.0297, 10.1667, 7.99129, -0.269462, -2.54524, 2.6189
419650, 3.3486e+006, -0, -0.0203, 10.1667, 8.00449, -0.807795, -4.24888, 2.64153
421330, 3.3486e+006, 0, -0.0202, 10.1667, 8.01868, -1.53199, -1.9855, 2.66985
423020, 3.3486e+006, -0, -0.0202, 10.1667, 8.05631, -3.75583, 0.249638, 2.71436
424640, 3.3487e+006, 0, -0.0198, 10.1667, 8.00707, -4.8109, -3.83897, 2.64906
425830, 3.3487e+006, -0, -0.02, 10.1667, 8.1178, -2.24602, -3.56286, 2.53431
429500, 3.3488e+006, 0, -0.01, 10.1667, 7.91739, 1.31174, -1.23834, 2.39615
430110, 3.3488e+006, -0, -0.01, 10.1667, 8.21205, 1.30362, -0.47877, 2.55286
357590, 3.3496e+006, 0, -0.05, 10.1667, 31.0001, 2.67122, -0.379887, 11.5981
360020, 3.3493e+006, -0, -0.05, 10.1667, 21.2531, 5.48492, -0.696991, 6.96712
362330, 3.349e+006, 0, -0.05, 10.1667, 16.9569, 4.90958, -8.8966, 5.29461
364580, 3.3488e+006, -0, -0.0502, 10.1667, 15.8257, 5.00182, -9.27046, 4.87178
366800, 3.3486e+006, 0, -0.0597, 10.1667, 15.7411, 4.08585, -8.11885, 4.86068
369030, 3.3484e+006, -0, -0.0597, 10.1667, 15.7396, 1.3991, -8.51834, 4.86097
371370, 3.3481e+006, 0, -0.0502, 10.1667, 15.7409, -2.8739, -9.07523, 4.84039
373940, 3.348e+006, -0, -0.0498, 10.1667, 15.6168, -4.60352, -5.09731, 4.79902
376490, 3.3483e+006, 0, -0.04, 10.1667, 8.47979, -4.3621, -7.86721, 2.74014
378730, 3.3487e+006, -0, -0.0397, 10.1667, 7.89454, -4.39857, -4.98163, 2.59236
380670, 3.3491e+006, 0, -0.0302, 10.1667, 7.87894, -2.87068, -8.21174, 2.59176
382380, 3.3494e+006, -0, -0.03, 10.1667, 7.8788, -1.25287, -6.49428, 2.60262
383990, 3.3496e+006, 0, -0.03, 10.1667, 7.88074, 0.922374, -4.52416, 2.6433
385540, 3.3497e+006, -0, -0.03, 10.1667, 7.89498, 3.04813, -2.61528, 2.66744
387090, 3.3498e+006, 0, -0.0297, 10.1667, 7.88764, 6.55906, -2.2989, 2.66255
388950, 3.3496e+006, -0, -0.0203, 10.1667, 7.94742, 7.953, -2.87343, 2.75534
390540, 3.3495e+006, 0, -0.02, 10.1667, 7.9293, 6.32417, -0.968669, 2.75145
391540, 3.3495e+006, -0, -0.0202, 10.1667, 8.07288, 2.73127, 4.81099, 2.72476
394590, 3.3489e+006, 0, -0.0203, 10.1667, 7.82896, 3.10826, -7.53033, 2.62659
395520, 3.3485e+006, -0, -0.0203, 10.1667, 7.9317, 11.6649, -9.18215, 2.75724
396450, 3.3481e+006, 0, -0.0205, 10.1667, 7.62095, 14.7106, -10.8562, 2.47714
397340, 3.3478e+006, -0, -0.0303, 10.1667, 8.98014, 8.38133, -22.1059, 3.11411
398170, 3.3475e+006, 0, -0.0398, 10.1667, 10.3087, 4.49053, -20.5063, 3.38992
398890, 3.3473e+006, -0, -0.0405, 10.1667, 8.94869, 3.46885, -18.3182, 2.83642
399420, 3.3472e+006, 0, -0.0597, 10.1667, 13.1183, 2.72082, -17.1035, 4.09297
399810, 3.3471e+006, -0, -0.0711, 10.1667, 15.9986, 2.58929, -11.1351, 4.99381
400120, 3.3471e+006, 0, -0.1281, 10.1667, 20.4281, -1.91151, -11.9211, 6.32067
400400, 3.3471e+006, -0, -0.0711, 10.1667, 17.196, -4.72334, -7.20267, 5.28734
400740, 3.347e+006, 0, -0.0606, 10.1667, 15.6109, -5.48737, -8.16807, 4.78849
401240, 3.347e+006, -0, -0.0603, 10.1667, 15.7641, -6.53777, -9.29641, 4.86865
401910, 3.347e+006, 0, -0.0598, 10.1667, 15.543, -7.97639, -10.3911, 4.8009
402760, 3.347e+006, -0, -0.0498, 10.1667, 13.6592, -9.67058, -13.1474, 4.2414
403810, 3.3471e+006, 0, -0.0398, 10.1667, 7.99071, -10.6819, -13.7408, 2.64649
405040, 3.3472e+006, -0, -0.03, 10.1667, 7.83268, -9.61188, -12.1282, 2.61614
406390, 3.3474e+006, 0, -0.0205, 10.1667, 7.90944, -6.89586, -11.7673, 2.67386
407830, 3.3478e+006, -0, -0.02, 10.1667, 7.92565, -6.86039, -11.1061, 2.71195
409240, 3.3482e+006, 0, -0.0106, 10.1667, 8.08901, -8.5812, -5.2326, 2.81289
410570, 3.3484e+006, -0, -0.0198, 10.1667, 7.86352, -5.87399, -6.73152, 2.74437
411950, 3.3486e+006, 0, -0.0297, 10.1667, 7.87832, -5.8631, -1.14605, 2.64762
413410, 3.3488e+006, -0, -0.0298, 10.1667, 7.8771, -6.01167, -2.5032, 2.60397
414890, 3.349e+006, 0, -0.03, 10.1667, 7.89848, -4.82011, 0.754973, 2.62481
416400, 3.3492e+006, -0, -0.03, 10.1667, 7.90414, -1.9751, -0.104373, 2.62251
417980, 3.3493e+006, 0, -0.03, 10.1667, 7.90001, -1.55317, -1.94461, 2.61555
419620, 3.3493e+006, -0, -0.0298, 10.1667, 7.906, -3.82104, -3.25566, 2.59789
421310, 3.3493e+006, 0, -0.0298, 10.1667, 7.92338, -6.43961, -1.35448, 2.62338
422990, 3.3493e+006, -0, -0.0297, 10.1667, 7.95601, -7.18307, 0.256819, 2.6691
424550, 3.3494e+006, 0, -0.0203, 10.1667, 7.94222, -7.0732, -3.30291, 2.67492
425770, 3.3495e+006, -0, -0.02, 10.1667, 7.88098, -6.4583, -6.40496, 2.64037
426730, 3.3495e+006, 0, -0.02, 10.1667, 8.06733, -3.03586, -3.89912, 2.55942
429490, 3.3495e+006, -0, -0.0102, 10.1667, 7.72995, 1.61697, -2.50224, 2.67235
430100, 3.3495e+006, 0, -0.0102, 10.1667, 8.11431, 1.67276, 0.714824, 2.7687
443700, 3.3519e+006, -0, -0.0203, 10.1667, 7.99202, 5.18988, -5.23269, 2.66124
444710, 3.3522e+006, 0, -0.03, 10.1667, 7.90464, 7.00107, 2.45156, 2.59656
445470, 3.3528e+006, -0, -0.0397, 10.1667, 7.87311, 6.05594, 3.44417, 2.57389
446390, 3.353e+006, 0, -0.0302, 10.1667, 7.873, 10.164, -1.17226, 2.63191
447520, 3.3528e+006, -0, -0.03, 10.1667, 9.82773, 10.2766, -0.774691, 3.44463
448550, 3.3532e+006, 0, -0.03, 10.1667, 12.4493, 7.8943, 4.05984, 4.97313
449650, 3.3537e+006, -0, -0.03, 10.1667, 14.3561, 4.17054, 0.698818, 8.89869
357900, 3.3515e+006, 0, -0.05, 10.1667, 31.0001, 3.11159, -0.530296, 11.5982
360280, 3.3511e+006, -0, -0.05, 10.1667, 21.636, 6.27891, -0.909835, 7.15421
362540, 3.3508e+006, 0, -0.0498, 10.1667, 17.0422, 5.42369, -8.39788, 5.37404
364750, 3.3506e+006, -0, -0.05, 10.1667, 15.7166, 5.45329, -8.28562, 4.88445
366950, 3.3503e+006, 0, -0.05, 10.1667, 15.6148, 4.77372, -6.96003, 4.84111
369200, 3.3502e+006, -0, -0.0502, 10.1667, 15.6145, 2.72978, -7.20734, 4.8387
371540, 3.35e+006, 0, -0.05, 10.1667, 15.6078, -0.37968, -6.61731, 4.83896
374000, 3.35e+006, -0, -0.0498, 10.1667, 15.7498, -2.42185, -4.26478, 4.84602
376380, 3.3502e+006, 0, -0.0402, 10.1667, 8.61189, -2.86606, -7.09241, 2.82871
378530, 3.3505e+006, -0, -0.0397, 10.1667, 7.84393, -1.47147, -5.60379, 2.57848
380430, 3.3507e+006, 0, -0.0302, 10.1667, 7.81753, 0.306008, -8.57443, 2.6153
382160, 3.3509e+006, -0, -0.0298, 10.1667, 7.80116, 0.646146, -8.87003, 2.65236
383790, 3.3511e+006, 0, -0.0298, 10.1667, 7.79931, 2.91212, -6.17692, 2.67213
385380, 3.3511e+006, -0, -0.0297, 10.1667, 7.82379, 6.30719, -2.12751, 2.66496
387000, 3.3511e+006, 0, -0.0205, 10.1667, 7.83655, 9.29849, -3.36576, 2.76383
388880, 3.3508e+006, -0, -0.0294, 10.1667, 7.84027, 11.0045, -2.14635, 2.71638
390500, 3.3506e+006, 0, -0.0202, 10.1667, 7.85334, 13.3103, -0.105638, 2.74862
391610, 3.3506e+006, -0, -0.02, 10.1667, 7.96449, 18.6927, 4.32375, 2.71018
392710, 3.3506e+006, 0, -0.0203, 10.1667, 7.90937, 20.5448, -4.89559, 2.81655
393820, 3.3503e+006, -0, -0.03, 10.1667, 7.88147, 17.8012, -6.99132, 2.85953
394860, 3.3501e+006, 0, -0.0395, 10.1667, 7.82936, 12.803, -12.3343, 2.7899
395850, 3.3498e+006, -0, -0.0397, 10.1667, 7.81287, 10.3242, -11.2035, 2.75094
396790, 3.3495e+006, 0, -0.0398, 10.1667, 7.62085, 9.20475, -12.6689, 2.28049
397690, 3.3493e+006, -0, -0.0495, 10.1667, 11.4352, 7.06404, -14.4234, 3.78541
398520, 3.3491e+006, 0, -0.05, 10.1667, 15.5243, 4.0194, -13.8605, 4.86787
399270, 3.349e+006, -0, -0.0597, 10.1667, 16.0761, 1.89221, -11.8988, 5.01337
399740, 3.3489e+006, 0, -0.0698, 10.1667, 17.7107, 0.981985, -9.25194, 5.4793
399980, 3.3488e+006, -0, -0.0803, 10.1667, 18.8525, 1.68315, -4.53504, 5.92101
400220, 3.3488e+006, 0, -0.1283, 10.1667, 19.4127, -0.716933, -5.91914, 6.04581
400460, 3.3488e+006, -0, -0.0706, 10.1667, 17.5758, -2.92467, -3.89229, 5.4475
400770, 3.3487e+006, 0, -0.06, 10.1667, 15.6283, -3.16405, -5.96639, 4.86413
401250, 3.3487e+006, -0, -0.0505, 10.1667, 15.5624, -4.20549, -7.9884, 4.8207
401930, 3.3487e+006, 0, -0.0498, 10.1667, 14.4097, -5.65498, -11.1236, 4.51985
402770, 3.3486e+006, -0, -0.0403, 10.1667, 8.71078, -7.01568, -13.8979, 2.80957
403760, 3.3486e+006, 0, -0.04, 10.1667, 7.75731, -8.12737, -13.6651, 2.58628
404920, 3.3486e+006, -0, -0.0398, 10.1667, 7.8065, -8.77142, -12.3907, 2.59363
406200, 3.3487e+006, 0, -0.0397, 10.1667, 7.81406, -8.96997, -10.8564, 2.59054
407570, 3.3489e+006, -0, -0.0395, 10.1667, 7.83019, -9.43728, -8.81712, 2.61091
408980, 3.3491e+006, 0, -0.0298, 10.1667, 7.83318, -10.5036, -7.9433, 2.64686
410390, 3.3494e+006, -0, -0.0205, 10.1667, 7.82248, -10.3677, -6.86215, 2.70726
411820, 3.3496e+006, 0, -0.0298, 10.1667, 7.80249, -8.64081, -1.6891, 2.64137
413300, 3.3497e+006, -0, -0.03, 10.1667, 7.80126, -6.8561, -2.08144, 2.61395
414810, 3.3499e+006, 0, -0.03, 10.1667, 7.81994, -5.49724, -0.34094, 2.61905
416350, 3.35e+006, -0, -0.03, 10.1667, 7.82809, -3.48066, -0.338456, 2.61961
417950, 3.3501e+006, 0, -0.03, 10.1667, 7.82948, -2.99411, -1.17091, 2.61621
419610, 3.3501e+006, -0, -0.03, 10.1667, 7.83117, -4.51774, -1.51463, 2.61263
421300, 3.3501e+006, 0, -0.03, 10.1667, 7.84483, -6.88245, -0.146943, 2.6319
422960, 3.3501e+006, -0, -0.03, 10.1667, 7.85685, -8.36228, 0.404521, 2.65264
424480, 3.3502e+006, 0, -0.0295, 10.1667, 7.82539, -7.46013, -3.70421, 2.59818
425730, 3.3502e+006, -0, -0.0202, 10.1667, 7.83324, -4.14351, -6.6607, 2.57139
426740, 3.3503e+006, 0, -0.02, 10.1667, 7.80592, -2.85162, -6.66759, 2.61351
427480, 3.3503e+006, -0, -0.02, 10.1667, 7.92244, -2.59873, -2.95378, 2.62195
428480, 3.3501e+006, 0, -0.02, 10.1667, 7.93427, -2.32648, 0.638294, 2.70313
429480, 3.3498e+006, -0, -0.0198, 10.1667, 7.64278, 0.344013, -5.35066, 2.76063
430090, 3.3498e+006, 0, -0.02, 10.1667, 7.84586, 11.4693, 1.69827, 2.82075
431010, 3.3498e+006, -0, -0.0298, 10.1667, 7.75666, 19.636, 0.551688, 2.76469
432220, 3.3499e+006, 0, -0.03, 10.1667, 7.78509, 21.959, 0.786494, 2.74065
433420, 3.3499e+006, -0, -0.03, 10.1667, 7.8148, 24.5031, 0.0408389, 2.73177
434560, 3.35e+006, 0, -0.03, 10.1667, 7.83548, 28.0256, 0.805565, 2.72832
435650, 3.35e+006, -0, -0.03, 10.1667, 7.8192, 30.5949, 1.08991, 2.73779
436730, 3.35e+006, 0, -0.03, 10.1667, 7.83322, 28.8065, 1.56244, 2.74558
437780, 3.3505e+006, -0, -0.03, 10.1667, 7.84526, 20.9284, 12.7261, 2.74028
439100, 3.3517e+006, 0, -0.03, 10.1667, 7.81725, 14.8296, 10.3142, 2.71056
440550, 3.3524e+006, -0, -0.0298, 10.1667, 7.7292, 10.969, 2.33018, 2.66516
441740, 3.3525e+006, 0, -0.0202, 10.1667, 7.80575, 7.64843, 0.881904, 2.5867
442700, 3.3526e+006, -0, -0.0202, 10.1667, 7.86343, 7.04068, -3.20236, 2.60252
443670, 3.3528e+006, 0, -0.0295, 10.1667, 7.8654, 4.33187, -7.4071, 2.62775
358280, 3.3534e+006, -0, -0.05, 10.1667, 31.0001, 3.54938, -0.673425, 11.5982
360580, 3.353e+006, 0, -0.05, 10.1667, 18.6989, 8.2185, -1.37833, 6.06654
362790, 3.3527e+006, -0, -0.0498, 10.1667, 16.6822, 8.17397, -4.71203, 5.28679
364940, 3.3524e+006, 0, -0.05, 10.1667, 15.581, 6.39021, -5.67792, 4.88278
367110, 3.3522e+006, -0, -0.0498, 10.1667, 15.4823, 4.09173, -5.18271, 4.84327
369340, 3.352e+006, 0, -0.05, 10.1667, 15.4785, 2.11161, -5.07836, 4.84049
371640, 3.3519e+006, -0, -0.05, 10.1667, 15.4777, 0.49424, -4.29281, 4.84043
374010, 3.3519e+006, 0, -0.0497, 10.1667, 15.377, -0.262868, -4.51981, 4.80333
376290, 3.352e+006, -0, -0.04, 10.1667, 8.77902, 0.965997, -7.1673, 2.86995
378390, 3.3522e+006, 0, -0.0302, 10.1667, 7.86707, 2.79025, -8.0437, 2.66928
380280, 3.3523e+006, -0, -0.0297, 10.1667, 7.74882, 3.42055, -9.29778, 2.65157
382040, 3.3524e+006, 0, -0.0203, 10.1667, 7.73537, 3.80002, -12.0051, 2.75358
383710, 3.3524e+006, -0, -0.0202, 10.1667, 7.72066, 6.16967, -9.28765, 2.7985
385360, 3.3524e+006, 0, -0.0202, 10.1667, 7.75716, 9.00283, -2.78184, 2.7856
387030, 3.3523e+006, -0, -0.02, 10.1667, 7.77676, 9.69941, -3.81313, 2.79796
388890, 3.3521e+006, 0, -0.0202, 10.1667, 7.76696, 12.1182, -3.43696, 2.79089
390520, 3.3519e+006, -0, -0.02, 10.1667, 7.78721, 15.7777, -1.42071, 2.78649
391730, 3.3519e+006, 0, -0.0202, 10.1667, 7.81824, 17.4414, -2.21825, 2.85363
392880, 3.3518e+006, -0, -0.0297, 10.1667, 7.78219, 16.4627, -6.64692, 2.83524
393980, 3.3516e+006, 0, -0.0302, 10.1667, 7.7394, 13.7198, -9.72446, 2.7938
395040, 3.3514e+006, -0, -0.0398, 10.1667, 7.7207, 11.2165, -8.86182, 2.68814
396040, 3.3512e+006, 0, -0.04, 10.1667, 7.73262, 8.96665, -8.84392, 2.69531
396990, 3.351e+006, -0, -0.0402, 10.1667, 7.62078, 7.10497, -9.72813, 2.29931
397880, 3.3508e+006, 0, -0.0497, 10.1667, 11.6088, 4.98874, -9.40192, 3.86655
398710, 3.3507e+006, -0, -0.05, 10.1667, 14.7786, 2.64308, -9.02025, 4.64993
399500, 3.3505e+006, 0, -0.0597, 10.1667, 15.5973, 1.90658, -7.58407, 4.88775
399980, 3.3504e+006, -0, -0.0695, 10.1667, 16.0061, 2.52944, -6.34868, 4.85747
400170, 3.3503e+006, 0, -0.0709, 10.1667, 18.6358, 2.33004, -3.21872, 5.87386
400380, 3.3503e+006, -0, -0.128, 10.1667, 19.5731, 0.350364, -3.30996, 6.18671
400610, 3.3503e+006, 0, -0.0614, 10.1667, 18.8397, -1.0358, -1.69332, 5.91397
400870, 3.3502e+006, -0, -0.06, 10.1667, 16.421, -1.59605, -3.29571, 5.14682
401340, 3.3502e+006, 0, -0.0594, 10.1667, 15.8809, -2.47039, -6.11743, 4.98298
402070, 3.3502e+006, -0, -0.0405, 10.1667, 9.6887, -4.38744, -11.7122, 3.11241
402900, 3.3501e+006, 0, -0.04, 10.1667, 7.75924, -5.50704, -12.6299, 2.59201
403850, 3.3501e+006, -0, -0.04, 10.1667, 7.72382, -6.65281, -11.8957, 2.5807
404930, 3.35e+006, 0, -0.04, 10.1667, 7.72606, -7.51059, -10.7476, 2.58309
406130, 3.35e+006, -0, -0.04, 10.1667, 7.72872, -7.97188, -9.47022, 2.58727
407440, 3.3501e+006, 0, -0.04, 10.1667, 7.73363, -8.36611, -8.16027, 2.59602
408820, 3.3502e+006, -0, -0.0397, 10.1667, 7.74065, -9.56405, -7.35037, 2.60651
410230, 3.3504e+006, 0, -0.03, 10.1667, 7.72777, -10.5631, -8.02857, 2.64695
411690, 3.3505e+006, -0, -0.03, 10.1667, 7.73347, -9.61312, -3.11738, 2.63745
413190, 3.3507e+006, 0, -0.03, 10.1667, 7.73445, -7.41602, -2.18601, 2.61833
414730, 3.3508e+006, -0, -0.03, 10.1667, 7.74451, -5.89352, -0.791926, 2.61847
416310, 3.3509e+006, 0, -0.03, 10.1667, 7.75289, -4.36618, -0.298895, 2.62032
417940, 3.3509e+006, -0, -0.03, 10.1667, 7.75798, -3.88033, -0.398483, 2.62066
419610, 3.3509e+006, 0, -0.03, 10.1667, 7.76335, -4.75863, -0.102382, 2.62438
421290, 3.3509e+006, -0, -0.03, 10.1667, 7.77409, -6.42459, 1.36485, 2.64045
422940, 3.3509e+006, 0, -0.0297, 10.1667, 7.76511, -6.08036, 0.835164, 2.62941
424440, 3.351e+006, -0, -0.0203, 10.1667, 7.73209, -2.92552, -4.69604, 2.53876
425700, 3.351e+006, 0, -0.02, 10.1667, 7.73486, -1.43721, -6.8406, 2.63076
426740, 3.3511e+006, -0, -0.02, 10.1667, 7.68791, -3.02365, -2.72416, 2.55682
427530, 3.351e+006, 0, -0.02, 10.1667, 7.83971, -3.11919, -8.10465, 2.62927
442660, 3.3536e+006, -0, -0.02, 10.1667, 7.64371, -0.368353, -3.48579, 2.47375
443550, 3.3537e+006, 0, -0.0202, 10.1667, 7.83729, 0.319764, -5.72229, 2.65768
358720, 3.3555e+006, -0, -0.05, 10.1667, 31.0001, 0, 0, 11.5982
360950, 3.3551e+006, 0, -0.05, 10.1667, 22.8413, 5.95835, -2.51935, 7.67107
363070, 3.3546e+006, -0, -0.0498, 10.1667, 16.9424, 4.39481, -1.44884, 5.42184
365150, 3.3543e+006, 0, -0.05, 10.1667, 15.3114, 4.50392, -4.9753, 4.8454
367250, 3.3541e+006, -0, -0.0497, 10.1667, 15.4154, 3.57186, -3.31721, 4.84642
369440, 3.354e+006, 0, -0.0498, 10.1667, 15.3241, 1.90781, -3.09419, 4.83573
371710, 3.3539e+006, -0, -0.0497, 10.1667, 15.3752, 1.65148, -3.10849, 4.85292
374020, 3.3539e+006, 0, -0.0403, 10.1667, 8.70883, 2.26478, -5.20396, 2.84296
376250, 3.3539e+006, -0, -0.0395, 10.1667, 7.64912, 4.93096, -8.38108, 2.59275
378330, 3.3539e+006, 0, -0.0205, 10.1667, 7.69329, 6.58721, -8.78723, 2.73009
380230, 3.3539e+006, -0, -0.0202, 10.1667, 7.69057, 5.14017, -10.6461, 2.7489
382000, 3.3538e+006, 0, -0.0198, 10.1667, 7.66941, 4.45706, -14.5427, 2.78816
383720, 3.3537e+006, -0, -0.0198, 10.1667, 7.65286, 7.38745, -13.2003, 2.8602
385430, 3.3536e+006, 0, -0.0198, 10.1667, 7.72633, 10.036, -2.20328, 2.84633
387130, 3.3535e+006, -0, -0.02, 10.1667, 7.72821, 9.1691, -2.82983, 2.83046
388930, 3.3534e+006, 0, -0.02, 10.1667, 7.70946, 12.0969, -6.72994, 2.76172
390580, 3.3534e+006, -0, -0.02, 10.1667, 7.67354, 15.3239, -1.483, 2.79057
391900, 3.3533e+006, 0, -0.0203, 10.1667, 7.69833, 13.3025, -5.64016, 2.88111
393070, 3.3532e+006, -0, -0.0298, 10.1667, 7.68574, 11.2382, -6.35108, 2.80061
394150, 3.353e+006, 0, -0.0302, 10.1667, 7.66813, 9.44728, -9.25764, 2.71757
395190, 3.3528e+006, -0, -0.0398, 10.1667, 7.66511, 8.22725, -6.95419, 2.64003
396190, 3.3526e+006, 0, -0.04, 10.1667, 7.6809, 6.61784, -6.50407, 2.60234
397130, 3.3524e+006, -0, -0.04, 10.1667, 7.62071, 5.17005, -6.90423, 2.56795
398020, 3.3522e+006, 0, -0.0402, 10.1667, 7.84421, 3.9815, -6.50948, 2.61455
398860, 3.3521e+006, -0, -0.0402, 10.1667, 8.02311, 3.13716, -6.60542, 2.64958
399670, 3.3519e+006, 0, -0.0405, 10.1667, 7.8054, 3.12433, -6.24301, 2.61995
400160, 3.3518e+006, -0, -0.0503, 10.1667, 10.2831, 4.81321, -6.14226, 3.21177
400370, 3.3517e+006, 0, -0.0611, 10.1667, 12.8054, 6.0392, -2.99332, 4.04397
400590, 3.3517e+006, -0, -0.128, 10.1667, 15.5219, 4.51292, -0.998333, 4.92683
400810, 3.3517e+006, 0, -0.0705, 10.1667, 18.5188, 1.5946, 0.734039, 5.89057
401050, 3.3516e+006, -0, -0.0598, 10.1667, 16.5047, -0.135143, -0.71593, 5.23145
401530, 3.3516e+006, 0, -0.05, 10.1667, 16.3618, -1.10268, -5.16301, 5.14539
402270, 3.3516e+006, -0, -0.0402, 10.1667, 9.95264, -3.19178, -10.3441, 3.21794
403090, 3.3515e+006, 0, -0.04, 10.1667, 7.84485, -4.90411, -10.0428, 2.61233
404000, 3.3514e+006, -0, -0.0398, 10.1667, 7.64839, -6.26951, -10.8669, 2.57616
405020, 3.3514e+006, 0, -0.0398, 10.1667, 7.65182, -6.87717, -10.1918, 2.58225
406150, 3.3514e+006, -0, -0.0398, 10.1667, 7.65351, -7.11942, -9.16957, 2.58488
407390, 3.3514e+006, 0, -0.0398, 10.1667, 7.65623, -7.17633, -7.94488, 2.58905
408720, 3.3514e+006, -0, -0.0397, 10.1667, 7.65922, -7.27029, -7.1176, 2.59743
410130, 3.3515e+006, 0, -0.0302, 10.1667, 7.65389, -7.82863, -8.24134, 2.64089
411590, 3.3516e+006, -0, -0.03, 10.1667, 7.66101, -8.08989, -4.2757, 2.6331
413110, 3.3517e+006, 0, -0.03, 10.1667, 7.66628, -7.13191, -2.37028, 2.62056
414670, 3.3518e+006, -0, -0.03, 10.1667, 7.67442, -6.06275, -0.867477, 2.62049
416280, 3.3518e+006, 0, -0.03, 10.1667, 7.68199, -4.98215, -0.0781786, 2.62318
417930, 3.3519e+006, -0, -0.03, 10.1667, 7.68789, -4.44218, 0.302604, 2.62518
419610, 3.3518e+006, 0, -0.03, 10.1667, 7.69495, -4.42666, 0.885465, 2.6292
421290, 3.3518e+006, -0, -0.0298, 10.1667, 7.71249, -4.03892, 2.12667, 2.6445
422930, 3.3518e+006, 0, -0.0205, 10.1667, 7.72446, -2.51554, 0.432019, 2.67318
424420, 3.3518e+006, -0, -0.02, 10.1667, 7.66107, -1.19839, -5.05509, 2.54743
425690, 3.3518e+006, 0, -0.02, 10.1667, 7.67235, -0.339415, -6.21666, 2.53181
427740, 3.3517e+006, -0, -0.02, 10.1667, 7.65335, -5.29705, -9.18195, 2.59565
443390, 3.3547e+006, 0, -0.0198, 10.1667, 7.68618, 0.601681, -6.77036, 2.6138
361450, 3.3571e+006, -0, -0.05, 10.1667, 15.8622, 1.51419, -1.76425, 5.01978
363410, 3.3566e+006, 0, -0.0497, 10.1667, 16.1136, 5.43921, -1.83294, 5.08464
365350, 3.3563e+006, -0, -0.0306, 10.1667, 10.9743, 7.80067, -3.8059, 3.59793
367340, 3.3561e+006, 0, -0.0398, 10.1667, 8.70533, 6.76814, -0.166966, 2.96606
369510, 3.356e+006, -0, -0.04, 10.1667, 8.1013, 4.33233, -1.44526, 2.74088
371760, 3.3559e+006, 0, -0.04, 10.1667, 8.00875, 4.19645, -2.38883, 2.705
374060, 3.3559e+006, -0, -0.0397, 10.1667, 7.57621, 4.30451, -4.49609, 2.55277
376290, 3.3558e+006, 0, -0.0302, 10.1667, 7.61687, 1.88839, -8.56188, 2.57813
378370, 3.3557e+006, -0, -0.0202, 10.1667, 7.60413, 0.95351, -8.84747, 2.61805
380270, 3.3555e+006, 0, -0.0198, 10.1667, 7.6284, 2.75326, -10.5644, 2.63885
382050, 3.3553e+006, -0, -0.0105, 10.1667, 7.64537, 4.29939, -13.7171, 2.82553
383820, 3.355e+006, 0, -0.0102, 10.1667, 7.65564, 1.3563, -15.2609, 2.97678
385570, 3.3548e+006, -0, -0.0103, 10.1667, 7.54233, 0, 0, 2.78437
387270, 3.3548e+006, 0, -0.0198, 10.1667, 7.56563, 5.70894, -1.16433, 2.70969
388920, 3.3548e+006, -0, -0.02, 10.1667, 7.58395, 3.19096, -4.37859, 2.53487
392100, 3.355e+006, 0, -0.0295, 10.1667, 7.54353, 0.271447, -6.9965, 2.50901
393270, 3.3548e+006, -0, -0.03, 10.1667, 7.60357, 2.56592, -7.58526, 2.54185
394340, 3.3545e+006, 0, -0.0302, 10.1667, 7.59757, 3.60259, -9.67137, 2.55133
395350, 3.3543e+006, -0, -0.0398, 10.1667, 7.60378, 4.42582, -5.32703, 2.57244
396320, 3.354e+006, 0, -0.04, 10.1667, 7.60973, 3.81274, -4.65866, 2.57098
397260, 3.3538e+006, -0, -0.04, 10.1667, 7.60884, 3.20222, -4.95523, 2.56035
398150, 3.3536e+006, 0, -0.04, 10.1667, 7.60658, 2.55683, -4.9863, 2.55767
399010, 3.3534e+006, -0, -0.04, 10.1667, 7.70282, 1.93961, -4.99357, 2.58015
399830, 3.3533e+006, 0, -0.0402, 10.1667, 7.12637, 2.11514, -5.23177, 2.43394
400350, 3.3531e+006, -0, -0.05, 10.1667, 9.47484, 3.87051, -4.40189, 2.97666
400570, 3.3531e+006, 0, -0.0609, 10.1667, 14.9086, 4.30708, -0.396547, 4.75159
400790, 3.3531e+006, -0, -0.1278, 10.1667, 17.6128, 2.50798, 2.92395, 5.64466
401010, 3.353e+006, 0, -0.0611, 10.1667, 18.4727, 0.741521, 3.62552, 5.92511
401230, 3.353e+006, -0, -0.0502, 10.1667, 18.2482, -0.627381, 1.09318, 5.76225
401700, 3.353e+006, 0, -0.0403, 10.1667, 10.7294, -1.62154, -4.10913, 3.48753
402450, 3.3529e+006, -0, -0.0398, 10.1667, 7.80469, -2.34336, -8.66125, 2.59745
403260, 3.3528e+006, 0, -0.0397, 10.1667, 7.59629, -2.66029, -9.33176, 2.54864
404150, 3.3528e+006, -0, -0.0303, 10.1667, 7.58956, -2.94266, -11.534, 2.61225
405130, 3.3527e+006, 0, -0.0302, 10.1667, 7.58465, -3.01655, -10.572, 2.6157
406220, 3.3527e+006, -0, -0.0302, 10.1667, 7.58566, -3.27088, -9.28335, 2.61033
407410, 3.3526e+006, 0, -0.0302, 10.1667, 7.58777, -3.60503, -8.05952, 2.61122
408700, 3.3526e+006, -0, -0.0302, 10.1667, 7.5881, -4.03487, -7.1971, 2.61982
410070, 3.3527e+006, 0, -0.03, 10.1667, 7.58599, -5.33074, -7.18359, 2.62848
411530, 3.3527e+006, -0, -0.03, 10.1667, 7.59179, -6.63419, -4.34793, 2.62651
413050, 3.3528e+006, 0, -0.03, 10.1667, 7.59732, -6.6086, -2.33754, 2.62187
414630, 3.3528e+006, -0, -0.03, 10.1667, 7.60442, -6.05212, -0.759643, 2.62382
416270, 3.3528e+006, 0, -0.03, 10.1667, 7.61153, -5.34197, 0.222057, 2.62714
417940, 3.3528e+006, -0, -0.03, 10.1667, 7.61792, -4.85581, 0.868747, 2.62958
419630, 3.3528e+006, 0, -0.03, 10.1667, 7.62442, -4.65366, 1.52488, 2.63278
421310, 3.3527e+006, -0, -0.03, 10.1667, 7.63381, -4.56755, 2.49357, 2.64083
422950, 3.3526e+006, 0, -0.0295, 10.1667, 7.61834, -3.26593, -0.351983, 2.59529
424460, 3.3526e+006, -0, -0.0202, 10.1667, 7.59882, -0.640072, -5.21995, 2.56406
425720, 3.3525e+006, 0, -0.0198, 10.1667, 7.57261, 0.38107, -6.65151, 2.53127
428270, 3.352e+006, -0, -0.02, 10.1667, 7.65599, -8.91243, -4.20575, 2.4821
442490, 3.3556e+006, 0, -0.01, 10.1667, 7.67837, 2.65181, -3.05389, 2.60619
443280, 3.3557e+006, -0, -0.0102, 10.1667, 7.60356, 2.70657, -3.32869, 2.58907
443990, 3.3557e+006, 0, -0.01, 10.1667, 7.76387, 0.0988013, 0.00979334, 2.31825
367470, 3.3581e+006, -0, -0.03, 10.1667, 7.60597, 1.74689, 1.1618, 2.66613
369580, 3.3581e+006, 0, -0.03, 10.1667, 7.5568, 4.3811, -1.34853, 2.62685
371830, 3.358e+006, -0, -0.0302, 10.1667, 7.54733, 5.5918, -2.11128, 2.63719
374150, 3.3578e+006, 0, -0.03, 10.1667, 7.52974, 5.84815, -5.00512, 2.60974
376410, 3.3576e+006, -0, -0.0297, 10.1667, 7.55309, 2.48486, -7.78465, 2.55172
378490, 3.3574e+006, 0, -0.0202, 10.1667, 7.51235, 0.290719, -10.047, 2.53285
380400, 3.3572e+006, -0, -0.02, 10.1667, 7.54824, 2.07725, -8.93093, 2.56875
382190, 3.3569e+006, 0, -0.0197, 10.1667, 7.54916, 2.32656, -9.03167, 2.6087
383910, 3.3565e+006, -0, -0.0102, 10.1667, 7.59154, 0.15127, -12.5251, 2.85029
392420, 3.3566e+006, 0, -0.0106, 10.1667, 7.39903, -4.66359, -11.9986, 2.84493
393520, 3.3563e+006, -0, -0.0295, 10.1667, 7.48983, -3.4821, -10.6561, 2.53044
394530, 3.356e+006, 0, -0.0302, 10.1667, 7.50527, -0.80172, -10.7591, 2.49791
395510, 3.3557e+006, -0, -0.0398, 10.1667, 7.531, 1.27183, -4.42047, 2.5503
396460, 3.3554e+006, 0, -0.04, 10.1667, 7.53829, 1.46701, -3.89034, 2.55768
397390, 3.3552e+006, -0, -0.04, 10.1667, 7.53881, 1.4015, -4.0149, 2.55413
398290, 3.355e+006, 0, -0.04, 10.1667, 7.5341, 1.14992, -4.07817, 2.55131
399150, 3.3548e+006, -0, -0.04, 10.1667, 7.60064, 1.02766, -4.20118, 2.56577
399990, 3.3546e+006, 0, -0.0402, 10.1667, 7.11582, 1.4418, -4.62113, 2.42939
400510, 3.3544e+006, -0, -0.05, 10.1667, 10.8675, 3.47802, -2.93536, 3.45971
400740, 3.3544e+006, 0, -0.0608, 10.1667, 14.3657, 4.96722, 0.958756, 4.6091
400960, 3.3544e+006, -0, -0.1278, 10.1667, 17.4801, 3.74913, 4.86922, 5.64625
401180, 3.3543e+006, 0, -0.0608, 10.1667, 18.561, 1.8892, 4.27325, 6.02371
401410, 3.3543e+006, -0, -0.0498, 10.1667, 19.4635, 0.805985, 1.48033, 6.25542
401870, 3.3543e+006, 0, -0.04, 10.1667, 10.9403, -0.294511, -2.97558, 3.56516
402620, 3.3542e+006, -0, -0.0303, 10.1667, 8.11273, -0.580976, -9.24294, 2.73413
403420, 3.3542e+006, 0, -0.0302, 10.1667, 7.58718, -0.375351, -10.3124, 2.62349
404300, 3.3541e+006, -0, -0.03, 10.1667, 7.51471, -0.799498, -11.1986, 2.62456
405260, 3.354e+006, 0, -0.03, 10.1667, 7.51692, -1.63886, -9.42957, 2.60386
406310, 3.3539e+006, -0, -0.03, 10.1667, 7.51959, -2.6677, -8.23476, 2.59972
407460, 3.3539e+006, 0, -0.03, 10.1667, 7.52112, -3.28575, -7.15749, 2.60552
408720, 3.3538e+006, -0, -0.03, 10.1667, 7.5223, -3.77313, -6.17409, 2.6147
410060, 3.3538e+006, 0, -0.03, 10.1667, 7.52019, -4.77099, -5.43135, 2.62052
411500, 3.3539e+006, -0, -0.03, 10.1667, 7.52278, -5.81401, -3.8126, 2.62335
413020, 3.3539e+006, 0, -0.03, 10.1667, 7.52722, -6.07719, -2.06973, 2.62457
414610, 3.3539e+006, -0, -0.03, 10.1667, 7.53308, -5.87096, -0.575847, 2.62785
416270, 3.3539e+006, 0, -0.03, 10.1667, 7.53944, -5.43531, 0.520036, 2.63175
417970, 3.3538e+006, -0, -0.03, 10.1667, 7.5448, -5.01714, 1.26835, 2.63321
419670, 3.3537e+006, 0, -0.03, 10.1667, 7.55037, -4.53861, 1.88086, 2.63254
421340, 3.3536e+006, -0, -0.0298, 10.1667, 7.56281, -3.23205, 2.44844, 2.63665
422990, 3.3535e+006, 0, -0.0203, 10.1667, 7.5329, 0.496816, -2.20137, 2.60117
424570, 3.3534e+006, -0, -0.0197, 10.1667, 7.51532, 3.81106, -7.10694, 2.66805
425800, 3.3533e+006, 0, -0.0103, 10.1667, 7.48414, 0, 0, 2.66411
428880, 3.3521e+006, -0, -0.02, 10.1667, 7.45519, -8.64153, -4.64612, 2.53522
428980, 3.3519e+006, 0, -0.02, 10.1667, 7.78788, 0.415551, -1.83469, 2.57317
442370, 3.3565e+006, -0, -0.01, 10.1667, 7.59123, 0.611589, -5.56038, 2.69628
366030, 3.3608e+006, 0, -0.02, 10.1667, 7.44915, 1.60514, -0.195775, 2.37837
367710, 3.3606e+006, -0, -0.02, 10.1667, 7.50029, 3.48663, -2.92351, 2.67046
369770, 3.3604e+006, 0, -0.0203, 10.1667, 7.48367, 3.0177, -4.12371, 2.64002
372010, 3.3601e+006, -0, -0.0295, 10.1667, 7.47049, 4.12154, -4.81969, 2.62004
374330, 3.3598e+006, 0, -0.0202, 10.1667, 7.49976, 7.31751, -5.36068, 2.73421
376590, 3.3595e+006, -0, -0.0202, 10.1667, 7.52406, 3.95769, -5.16717, 2.71128
378640, 3.3592e+006, 0, -0.02, 10.1667, 7.42572, 0.66657, -9.43868, 2.6013
380530, 3.3589e+006, -0, -0.02, 10.1667, 7.47216, 2.96717, -6.81331, 2.53465
382320, 3.3587e+006, 0, -0.0197, 10.1667, 7.47825, 5.72912, -9.55868, 2.65408
383940, 3.3585e+006, -0, -0.0102, 10.1667, 7.50866, 7.452, -5.39184, 2.74251
385260, 3.3584e+006, 0, -0.01, 10.1667, 7.59171, 3.10275, 0.0704812, 2.3679
392840, 3.358e+006, -0, -0.0102, 10.1667, 7.30281, -6.04733, -15.9579, 2.90673
393760, 3.3577e+006, 0, -0.0202, 10.1667, 7.40926, -4.78532, -13.704, 2.7385
394700, 3.3573e+006, -0, -0.03, 10.1667, 7.42242, -3.28852, -11.2001, 2.54356
395660, 3.3571e+006, 0, -0.0398, 10.1667, 7.45857, -0.841842, -4.41011, 2.55042
396600, 3.3568e+006, -0, -0.04, 10.1667, 7.46521, 0.0623178, -3.84159, 2.55101
397530, 3.3566e+006, 0, -0.04, 10.1667, 7.46654, 0.300233, -3.40725, 2.55345
398430, 3.3563e+006, -0, -0.04, 10.1667, 7.46621, 0.0207224, -2.96915, 2.5581
399310, 3.3561e+006, 0, -0.0398, 10.1667, 7.51538, 0.0197015, -4.85065, 2.53568
400160, 3.3559e+006, -0, -0.0402, 10.1667, 6.98457, 1.51759, -4.1938, 2.4221
400680, 3.3557e+006, 0, -0.0497, 10.1667, 10.0134, 3.6642, -3.08922, 3.20301
400890, 3.3557e+006, -0, -0.0514, 10.1667, 14.731, 4.47522, 1.16263, 4.75037
401100, 3.3557e+006, 0, -0.1275, 10.1667, 17.9897, 3.50028, 5.73678, 5.8726
401330, 3.3557e+006, -0, -0.0511, 10.1667, 19.0311, 2.25192, 4.19577, 6.20703
401560, 3.3556e+006, 0, -0.05, 10.1667, 19.5, 1.36294, 1.95469, 6.40756
402040, 3.3556e+006, -0, -0.0398, 10.1667, 11.4272, 0.676345, -1.85226, 3.70985
402780, 3.3555e+006, 0, -0.0302, 10.1667, 8.19043, -0.133233, -9.33562, 2.7883
403580, 3.3554e+006, -0, -0.03, 10.1667, 7.52907, -0.276718, -10.1985, 2.62994
404450, 3.3554e+006, 0, -0.03, 10.1667, 7.44584, -0.12541, -9.82084, 2.61403
405390, 3.3553e+006, -0, -0.0302, 10.1667, 7.45873, -0.899384, -5.93247, 2.57875
406420, 3.3552e+006, 0, -0.03, 10.1667, 7.45346, -2.59794, -6.24925, 2.59195
407540, 3.3551e+006, -0, -0.03, 10.1667, 7.45186, -3.22457, -5.52331, 2.60426
408760, 3.3551e+006, 0, -0.03, 10.1667, 7.45284, -3.74652, -4.73414, 2.61455
410080, 3.355e+006, -0, -0.03, 10.1667, 7.45328, -4.65913, -4.16586, 2.62104
411490, 3.355e+006, 0, -0.03, 10.1667, 7.45525, -5.42117, -3.08852, 2.62467
413010, 3.355e+006, -0, -0.03, 10.1667, 7.45908, -5.62491, -1.60333, 2.62824
414610, 3.355e+006, 0, -0.03, 10.1667, 7.4647, -5.63819, -0.258165, 2.63251
416290, 3.355e+006, -0, -0.03, 10.1667, 7.47063, -5.44779, 0.824799, 2.63706
418030, 3.3549e+006, 0, -0.03, 10.1667, 7.4749, -5.25123, 1.53832, 2.63826
419740, 3.3547e+006, -0, -0.03, 10.1667, 7.47783, -5.03365, 1.9734, 2.63444
421400, 3.3546e+006, 0, -0.0297, 10.1667, 7.46655, -2.22847, 0.705034, 2.59896
423030, 3.3544e+006, -0, -0.0198, 10.1667, 7.44421, 3.59695, -5.61393, 2.65502
424660, 3.3543e+006, 0, -0.0103, 10.1667, 7.45099, 0, 0, 2.62818
429560, 3.3524e+006, -0, -0.02, 10.1667, 7.52852, -8.78543, -4.41636, 2.54739
442260, 3.3573e+006, 0, -0.01, 10.1667, 7.52611, 0.898553, -4.70326, 2.67819
368130, 3.363e+006, -0, -0.0103, 10.1667, 7.38771, 1.19632, -2.74459, 2.49287
370160, 3.3624e+006, 0, -0.0198, 10.1667, 7.39508, 1.72805, -3.00898, 2.51201
372320, 3.3619e+006, -0, -0.02, 10.1667, 7.40665, -0.0447621, -3.18703, 2.43954
374580, 3.3615e+006, 0, -0.0105, 10.1667, 7.36706, 0, 0, 2.68648
376800, 3.3611e+006, -0, -0.0198, 10.1667, 7.40217, 10.2031, -2.47678, 2.76681
378730, 3.3609e+006, 0, -0.02, 10.1667, 7.38184, 10.7569, -4.82902, 2.80755
380540, 3.3607e+006, -0, -0.0198, 10.1667, 7.36513, 9.02639, -2.9385, 2.73329
382330, 3.3606e+006, 0, -0.0103, 10.1667, 7.39605, 0, 0, 2.69004
393100, 3.3592e+006, -0, -0.0102, 10.1667, 7.18974, 0, 0, 2.70439
393900, 3.359e+006, 0, -0.0198, 10.1667, 7.35127, -7.20433, -14.969, 2.83292
394840, 3.3587e+006, -0, -0.03, 10.1667, 7.34655, -4.97447, -10.9929, 2.59354
395790, 3.3584e+006, 0, -0.0397, 10.1667, 7.37678, -1.99512, -6.06374, 2.53609
396740, 3.3581e+006, -0, -0.04, 10.1667, 7.38729, -0.0498471, -4.3933, 2.53437
397670, 3.3579e+006, 0, -0.04, 10.1667, 7.39338, 0.684979, -3.22545, 2.54658
398580, 3.3577e+006, -0, -0.0398, 10.1667, 7.39942, 0.933958, -2.29597, 2.5596
399470, 3.3574e+006, 0, -0.0305, 10.1667, 7.45619, 0.609892, -6.80869, 2.50513
400330, 3.3572e+006, -0, -0.0397, 10.1667, 6.80153, 2.47915, -4.3356, 2.37094
400860, 3.3571e+006, 0, -0.05, 10.1667, 8.7465, 5.86447, -3.36801, 2.88886
401060, 3.3571e+006, -0, -0.0509, 10.1667, 12.0326, 7.36243, -0.287055, 3.91517
401270, 3.357e+006, 0, -0.1273, 10.1667, 16.3749, 5.66325, 5.6156, 5.37419
401490, 3.357e+006, -0, -0.05, 10.1667, 18.6547, 3.40704, 4.19317, 6.13728
401730, 3.357e+006, 0, -0.05, 10.1667, 19.5, 2.00909, 2.79192, 6.41235
402210, 3.3569e+006, -0, -0.0398, 10.1667, 11.2125, 1.13096, -0.841716, 3.70302
402950, 3.3568e+006, 0, -0.0302, 10.1667, 8.03444, 0.0214794, -8.2847, 2.75763
403740, 3.3567e+006, -0, -0.03, 10.1667, 7.44042, -0.343634, -9.28819, 2.62016
404600, 3.3566e+006, 0, -0.0302, 10.1667, 7.36747, -0.671781, -8.62893, 2.59998
405530, 3.3565e+006, -0, -0.0395, 10.1667, 7.38634, -1.30001, -2.29432, 2.57431
406540, 3.3565e+006, 0, -0.0302, 10.1667, 7.38691, -2.84634, -5.10354, 2.5862
407640, 3.3564e+006, -0, -0.03, 10.1667, 7.38308, -3.30463, -4.36061, 2.60751
408830, 3.3563e+006, 0, -0.03, 10.1667, 7.38356, -3.91322, -3.62088, 2.61809
410120, 3.3562e+006, -0, -0.03, 10.1667, 7.38446, -4.66326, -3.16591, 2.62422
411510, 3.3562e+006, 0, -0.03, 10.1667, 7.38647, -5.04543, -2.18389, 2.62855
413020, 3.3562e+006, -0, -0.03, 10.1667, 7.39042, -5.24822, -0.977106, 2.63261
414620, 3.3561e+006, 0, -0.03, 10.1667, 7.39617, -5.44314, 0.141263, 2.63759
416330, 3.3561e+006, -0, -0.03, 10.1667, 7.4017, -5.36855, 1.18284, 2.64265
418110, 3.356e+006, 0, -0.03, 10.1667, 7.40472, -5.21041, 1.72223, 2.64321
419850, 3.3558e+006, -0, -0.0297, 10.1667, 7.39658, -3.63667, 0.900659, 2.61616
421480, 3.3556e+006, 0, -0.02, 10.1667, 7.38669, 2.87535, -4.80877, 2.63979
423060, 3.3554e+006, -0, -0.0103, 10.1667, 7.38414, 0, 0, 2.65876
430150, 3.353e+006, 0, -0.02, 10.1667, 7.37844, -5.0846, -7.08068, 2.54725
442080, 3.358e+006, -0, -0.01, 10.1667, 6.85916, 1.48449, -4.8237, 2.84481
394010, 3.3602e+006, 0, -0.0105, 10.1667, 7.19855, -3.64593, -17.2257, 2.9789
394980, 3.3599e+006, -0, -0.0295, 10.1667, 7.25464, -2.43389, -12.6253, 2.62071
395930, 3.3597e+006, 0, -0.0303, 10.1667, 7.28597, -0.640731, -8.95025, 2.51356
396870, 3.3594e+006, -0, -0.0397, 10.1667, 7.29785, 1.14849, -5.85887, 2.49573
397800, 3.3592e+006, 0, -0.04, 10.1667, 7.31473, 2.22095, -3.40057, 2.53651
398710, 3.3589e+006, -0, -0.0398, 10.1667, 7.32004, 2.58291, -2.44138, 2.54849
399610, 3.3587e+006, 0, -0.0302, 10.1667, 7.35896, 1.83726, -8.16503, 2.56042
400490, 3.3585e+006, -0, -0.0303, 10.1667, 6.79621, 3.32293, -5.82107, 2.31573
401020, 3.3583e+006, 0, -0.05, 10.1667, 8.30858, 6.45315, -2.48644, 2.86163
401230, 3.3583e+006, -0, -0.05, 10.1667, 11.2338, 7.44244, -0.128443, 3.76745
401440, 3.3582e+006, 0, -0.1272, 10.1667, 15.0993, 6.93114, 6.03302, 5.05174
401670, 3.3582e+006, -0, -0.05, 10.1667, 18.1975, 5.01971, 5.48813, 6.03079
401910, 3.3582e+006, 0, -0.05, 10.1667, 19.5, 2.58221, 4.40497, 6.40932
402380, 3.3581e+006, -0, -0.0398, 10.1667, 10.7236, 1.06688, -0.234325, 3.60937
403120, 3.358e+006, 0, -0.0302, 10.1667, 7.87493, 0.345784, -7.56614, 2.73047
403900, 3.358e+006, -0, -0.03, 10.1667, 7.35243, -0.112059, -8.25857, 2.60606
404750, 3.3579e+006, 0, -0.0302, 10.1667, 7.29842, -0.912857, -6.60773, 2.57649
405670, 3.3578e+006, -0, -0.0395, 10.1667, 7.30991, -0.763936, -1.11123, 2.57956
406660, 3.3577e+006, 0, -0.0302, 10.1667, 7.31234, -1.48401, -4.39488, 2.58594
407740, 3.3576e+006, -0, -0.03, 10.1667, 7.31298, -2.59408, -3.27215, 2.61252
408910, 3.3575e+006, 0, -0.03, 10.1667, 7.31475, -3.69999, -2.28701, 2.62523
410180, 3.3574e+006, -0, -0.03, 10.1667, 7.3134, -4.51759, -2.07346, 2.62959
411550, 3.3574e+006, 0, -0.03, 10.1667, 7.31487, -4.80276, -1.31995, 2.63383
413030, 3.3573e+006, -0, -0.03, 10.1667, 7.31907, -5.0984, -0.488005, 2.63773
414650, 3.3573e+006, 0, -0.03, 10.1667, 7.32478, -5.2243, 0.474594, 2.642
416390, 3.3572e+006, -0, -0.03, 10.1667, 7.33123, -5.04384, 1.60721, 2.64708
418220, 3.3571e+006, 0, -0.0297, 10.1667, 7.32402, -3.2176, 0.717749, 2.63487
420020, 3.3569e+006, -0, -0.02, 10.1667, 7.32184, 2.79127, -4.84562, 2.62909
421610, 3.3566e+006, 0, -0.0103, 10.1667, 7.32187, 0, 0, 2.65782
430860, 3.3536e+006, -0, -0.02, 10.1667, 7.39058, -5.50091, -3.48209, 2.55448
394110, 3.3613e+006, 0, -0.0102, 10.1667, 7.19873, -1.10194, -17.9165, 2.98431
395110, 3.3611e+006, -0, -0.0202, 10.1667, 7.16505, -0.0588772, -14.8566, 2.77018
396060, 3.3609e+006, 0, -0.0298, 10.1667, 7.20529, 0.414736, -10.2325, 2.55904
397000, 3.3606e+006, -0, -0.0303, 10.1667, 7.21532, 1.69462, -8.09032, 2.49927
397940, 3.3604e+006, 0, -0.0398, 10.1667, 7.23798, 3.03547, -3.05666, 2.54098
398860, 3.3602e+006, -0, -0.0398, 10.1667, 7.24512, 3.09231, -2.7685, 2.53898
399770, 3.3599e+006, 0, -0.0302, 10.1667, 7.27892, 2.50026, -9.05151, 2.59406
400650, 3.3597e+006, -0, -0.0302, 10.1667, 6.79621, 3.35745, -6.53064, 2.32444
401190, 3.3595e+006, 0, -0.05, 10.1667, 8.15367, 6.06624, -1.70827, 2.85163
401400, 3.3595e+006, -0, -0.0511, 10.1667, 11.9743, 6.96853, 1.84657, 4.08681
401620, 3.3594e+006, 0, -0.1278, 10.1667, 16.4865, 5.33911, 6.7003, 5.59258
401850, 3.3594e+006, -0, -0.0705, 10.1667, 18.6007, 3.5703, 8.14829, 6.28252
402090, 3.3594e+006, 0, -0.0595, 10.1667, 17.9771, 1.62993, 5.76443, 5.96849
402540, 3.3593e+006, -0, -0.0403, 10.1667, 9.98489, 0.69871, -0.466081, 3.41738
403250, 3.3593e+006, 0, -0.0302, 10.1667, 7.72326, 0.86031, -7.57647, 2.70819
404030, 3.3592e+006, -0, -0.03, 10.1667, 7.27938, 1.04417, -8.01114, 2.60431
404880, 3.3591e+006, 0, -0.0302, 10.1667, 7.2425, 0.868498, -4.68391, 2.58063
405800, 3.359e+006, -0, -0.0303, 10.1667, 7.2475, 0.93448, -1.68929, 2.6129
406790, 3.3589e+006, 0, -0.0302, 10.1667, 7.24761, 0.186273, -2.6698, 2.60706
407860, 3.3588e+006, -0, -0.0302, 10.1667, 7.2509, -1.47856, -1.41702, 2.62049
409010, 3.3587e+006, 0, -0.0302, 10.1667, 7.25645, -3.42757, -0.0831072, 2.63553
410250, 3.3586e+006, -0, -0.03, 10.1667, 7.24555, -4.79426, -0.94638, 2.63663
411590, 3.3586e+006, 0, -0.03, 10.1667, 7.24513, -5.00932, -0.677207, 2.64066
413060, 3.3585e+006, -0, -0.03, 10.1667, 7.24967, -5.20928, -0.0814635, 2.64338
414670, 3.3585e+006, 0, -0.03, 10.1667, 7.25523, -4.99525, 0.726497, 2.64388
416450, 3.3584e+006, -0, -0.0298, 10.1667, 7.26499, -3.4769, 1.06364, 2.64035
418330, 3.3583e+006, 0, -0.0202, 10.1667, 7.26286, 3.34688, -3.35128, 2.65226
420200, 3.358e+006, -0, -0.0103, 10.1667, 7.26401, 0, 0, 2.64808
431670, 3.3543e+006, 0, -0.02, 10.1667, 7.23765, -2.66941, -4.64369, 2.62
394170, 3.3624e+006, -0, -0.0102, 10.1667, 7.09547, -1.1025, -16.3259, 2.97049
395190, 3.3622e+006, 0, -0.02, 10.1667, 7.1077, -0.246959, -14.6746, 2.76152
396150, 3.362e+006, -0, -0.0298, 10.1667, 7.13223, 0.146437, -9.63963, 2.58534
397100, 3.3618e+006, 0, -0.0302, 10.1667, 7.14147, 0.246174, -8.86728, 2.5705
398040, 3.3616e+006, -0, -0.0398, 10.1667, 7.16741, 1.11442, -2.13063, 2.54241
398980, 3.3614e+006, 0, -0.0397, 10.1667, 7.16569, 1.62737, -3.50539, 2.52002
399920, 3.3612e+006, -0, -0.0303, 10.1667, 7.18766, 1.37672, -8.62436, 2.56742
400830, 3.361e+006, 0, -0.0398, 10.1667, 7.01066, 1.77041, -4.86745, 2.44185
401380, 3.3609e+006, -0, -0.0498, 10.1667, 12.01, 3.16322, 0.451503, 4.05134
401600, 3.3608e+006, 0, -0.0702, 10.1667, 14.8551, 4.35306, 4.1627, 5.11262
401820, 3.3608e+006, -0, -0.1283, 10.1667, 17.3057, 2.9197, 6.72459, 5.89549
402040, 3.3608e+006, 0, -0.08, 10.1667, 17.0131, 2.17178, 9.85756, 5.8322
402260, 3.3607e+006, -0, -0.06, 10.1667, 16.9459, 1.87788, 5.53701, 5.71381
402700, 3.3607e+006, 0, -0.04, 10.1667, 9.80437, 1.23259, -0.730108, 3.39047
403400, 3.3606e+006, -0, -0.0303, 10.1667, 7.61422, 0.938512, -7.49422, 2.70091
404190, 3.3605e+006, 0, -0.0303, 10.1667, 7.20432, 0.165795, -6.08374, 2.57497
405050, 3.3604e+006, -0, -0.0397, 10.1667, 7.16846, -1.12704, -2.02429, 2.56524
405970, 3.3603e+006, 0, -0.0398, 10.1667, 7.17459, -2.25575, -0.750836, 2.57374
406950, 3.3602e+006, -0, -0.0398, 10.1667, 7.17569, -3.15062, -0.204931, 2.58028
408000, 3.36e+006, 0, -0.0398, 10.1667, 7.17788, -3.9762, 0.799885, 2.59141
409120, 3.3599e+006, -0, -0.0397, 10.1667, 7.18233, -5.02719, 1.87642, 2.60798
410330, 3.3598e+006, 0, -0.0302, 10.1667, 7.17615, -5.82084, -0.605323, 2.64609
411640, 3.3597e+006, -0, -0.03, 10.1667, 7.17431, -5.54596, -0.203648, 2.64993
413080, 3.3597e+006, 0, -0.03, 10.1667, 7.17929, -5.46309, 0.528605, 2.65096
414690, 3.3596e+006, -0, -0.03, 10.1667, 7.18473, -5.42379, 1.06745, 2.64992
416500, 3.3595e+006, 0, -0.0297, 10.1667, 7.17507, -3.20358, -0.666863, 2.62338
418430, 3.3594e+006, -0, -0.0202, 10.1667, 7.20128, -1.03906, -6.17757, 2.56433
431890, 3.3553e+006, 0, -0.02, 10.1667, 6.27353, 0.139167, -5.27016, 3.16658
394250, 3.3635e+006, -0, -0.0102, 10.1667, 7.02948, -1.64656, -14.8067, 2.97011
395250, 3.3633e+006, 0, -0.02, 10.1667, 7.03219, -0.682856, -13.1735, 2.75494
396200, 3.3631e+006, -0, -0.0298, 10.1667, 7.0576, -0.365989, -8.58286, 2.5989
397150, 3.363e+006, 0, -0.0302, 10.1667, 7.06973, -0.608545, -7.811, 2.58107
398100, 3.3628e+006, -0, -0.0395, 10.1667, 7.08504, 0.986928, -3.17082, 2.52172
399060, 3.3627e+006, 0, -0.0305, 10.1667, 7.08782, 2.6405, -4.42888, 2.53316
400020, 3.3625e+006, -0, -0.0303, 10.1667, 7.10177, 1.82784, -6.12793, 2.53555
400980, 3.3623e+006, 0, -0.04, 10.1667, 7.05737, 1.54024, -2.83453, 2.49615
401560, 3.3622e+006, -0, -0.05, 10.1667, 11.2537, 3.54108, 2.30226, 3.81179
401770, 3.3622e+006, 0, -0.0611, 10.1667, 15.6509, 4.07299, 5.70146, 5.42233
401980, 3.3622e+006, -0, -0.1278, 10.1667, 17.7871, 2.05351, 7.51586, 6.12465
402190, 3.3621e+006, 0, -0.0611, 10.1667, 17.1751, 1.96161, 9.42164, 5.94585
402410, 3.3621e+006, -0, -0.0502, 10.1667, 17.4473, 2.31519, 4.99496, 6.00096
402870, 3.3621e+006, 0, -0.0402, 10.1667, 9.90037, 1.82334, -0.241557, 3.43626
403600, 3.3619e+006, -0, -0.0305, 10.1667, 7.45759, 0.376941, -4.9428, 2.66551
404390, 3.3618e+006, 0, -0.0397, 10.1667, 7.10496, -1.0714, -1.93722, 2.56281
405250, 3.3617e+006, -0, -0.04, 10.1667, 7.09909, -1.99107, 0.207146, 2.57287
406160, 3.3615e+006, 0, -0.04, 10.1667, 7.10139, -2.43702, 0.712378, 2.57908
407120, 3.3614e+006, -0, -0.04, 10.1667, 7.10161, -2.92719, 1.28584, 2.58564
408150, 3.3612e+006, 0, -0.04, 10.1667, 7.1043, -3.3379, 2.12068, 2.59411
409240, 3.3611e+006, -0, -0.0398, 10.1667, 7.10915, -4.01935, 2.67949, 2.60668
410420, 3.361e+006, 0, -0.0302, 10.1667, 7.09741, -5.2313, -0.748285, 2.64693
411690, 3.3609e+006, -0, -0.03, 10.1667, 7.09957, -5.51395, 0.12671, 2.65789
413090, 3.3608e+006, 0, -0.03, 10.1667, 7.10559, -5.52395, 0.967445, 2.65943
414710, 3.3608e+006, -0, -0.0297, 10.1667, 7.10346, -4.36546, 0.438895, 2.65385
416580, 3.3607e+006, 0, -0.0202, 10.1667, 7.09954, -1.43866, -3.44793, 2.68526
418520, 3.3605e+006, -0, -0.02, 10.1667, 7.0831, -1.91216, -3.28111, 2.62261
419740, 3.3604e+006, 0, -0.0202, 10.1667, 7.27011, -2.17256, -3.7757, 2.64202
394340, 3.3646e+006, -0, -0.0102, 10.1667, 6.95692, -1.66563, -14.3319, 2.95568
395290, 3.3644e+006, 0, -0.02, 10.1667, 6.97082, -0.768174, -12.3802, 2.7522
396230, 3.3643e+006, -0, -0.0298, 10.1667, 6.98893, -0.362916, -7.75283, 2.60417
397180, 3.3641e+006, 0, -0.03, 10.1667, 7.00328, -0.426181, -6.69441, 2.58176
398130, 3.364e+006, -0, -0.0303, 10.1667, 7.00121, 0.212662, -4.83554, 2.55435
399100, 3.3639e+006, 0, -0.0397, 10.1667, 7.0156, -0.109532, -2.49077, 2.53346
400090, 3.3637e+006, -0, -0.0397, 10.1667, 7.016, -1.16197, -3.70215, 2.5508
401110, 3.3635e+006, 0, -0.0402, 10.1667, 7.01985, 0.282959, -2.03342, 2.51207
401720, 3.3634e+006, -0, -0.0502, 10.1667, 12.7509, 3.17046, 3.93814, 4.37258
401920, 3.3634e+006, 0, -0.0611, 10.1667, 15.5613, 3.80014, 5.74614, 5.42293
402110, 3.3634e+006, -0, -0.1277, 10.1667, 17.6681, 2.34877, 8.03738, 6.14282
402310, 3.3633e+006, 0, -0.0516, 10.1667, 17.3254, 1.47125, 7.86638, 6.03863
402510, 3.3633e+006, -0, -0.0497, 10.1667, 17.0781, 0.984661, 4.96943, 5.85583
403010, 3.3632e+006, 0, -0.0402, 10.1667, 8.71801, 0.493055, 1.00039, 3.1087
403790, 3.3631e+006, -0, -0.0398, 10.1667, 7.12894, -0.602063, -1.00908, 2.58834
404600, 3.363e+006, 0, -0.04, 10.1667, 7.02736, -1.52437, 0.620758, 2.57025
405460, 3.3629e+006, -0, -0.04, 10.1667, 7.02931, -1.87702, 1.23494, 2.57729
406360, 3.3627e+006, 0, -0.04, 10.1667, 7.0312, -2.17203, 1.85352, 2.58357
407310, 3.3626e+006, -0, -0.04, 10.1667, 7.03303, -2.4899, 2.51284, 2.59026
408320, 3.3624e+006, 0, -0.04, 10.1667, 7.03479, -2.78463, 3.22107, 2.59755
409380, 3.3623e+006, -0, -0.0398, 10.1667, 7.03798, -3.28495, 3.30663, 2.60677
410520, 3.3621e+006, 0, -0.0302, 10.1667, 7.02722, -4.59452, -0.274884, 2.65001
411740, 3.3621e+006, -0, -0.03, 10.1667, 7.02824, -5.15718, 0.544933, 2.66643
413090, 3.362e+006, 0, -0.0297, 10.1667, 7.02683, -4.13992, 0.22725, 2.66669
414690, 3.362e+006, -0, -0.02, 10.1667, 7.02876, 0.923588, -3.13048, 2.69855
416590, 3.3618e+006, 0, -0.0103, 10.1667, 7.02115, 0, 0, 2.58721
419770, 3.3616e+006, -0, -0.0298, 10.1667, 7.06332, 0.123647, -5.89773, 2.576
394410, 3.3657e+006, 0, -0.0103, 10.1667, 6.87485, -0.563949, -13.8244, 2.87906
395310, 3.3656e+006, -0, -0.0202, 10.1667, 6.9118, 0.457522, -10.8913, 2.71886
396250, 3.3654e+006, 0, -0.0298, 10.1667, 6.9225, 0.127128, -6.93195, 2.60279
397190, 3.3653e+006, -0, -0.03, 10.1667, 6.93415, -0.287648, -5.43724, 2.57644
398150, 3.3652e+006, 0, -0.0302, 10.1667, 6.93819, -0.928934, -4.099, 2.57438
399130, 3.365e+006, -0, -0.0395, 10.1667, 6.94594, -0.645204, -0.706881, 2.5496
400140, 3.3648e+006, 0, -0.0305, 10.1667, 6.94767, -0.280123, -3.4924, 2.57999
401200, 3.3646e+006, -0, -0.04, 10.1667, 6.98361, 1.14744, -2.2397, 2.52188
401860, 3.3645e+006, 0, -0.0592, 10.1667, 12.5049, 4.28768, 4.16903, 4.33686
402050, 3.3645e+006, -0, -0.0702, 10.1667, 14.775, 4.52469, 4.9505, 5.22052
402240, 3.3644e+006, 0, -0.128, 10.1667, 16.8493, 3.05168, 7.23947, 5.91062
402430, 3.3644e+006, -0, -0.0605, 10.1667, 16.736, 2.58742, 6.79493, 5.90304
402620, 3.3644e+006, 0, -0.05, 10.1667, 17.1825, 2.30458, 4.95254, 5.97824
403120, 3.3643e+006, -0, -0.0402, 10.1667, 9.34304, 0.672776, 2.93646, 3.33603
403950, 3.3643e+006, 0, -0.04, 10.1667, 7.11612, -0.648956, 1.43047, 2.62119
404790, 3.3641e+006, -0, -0.04, 10.1667, 6.95781, -1.24832, 1.68901, 2.57528
405650, 3.364e+006, 0, -0.04, 10.1667, 6.95846, -1.62418, 2.18283, 2.58059
406560, 3.3639e+006, -0, -0.04, 10.1667, 6.96148, -1.90837, 2.83965, 2.58706
407510, 3.3637e+006, 0, -0.04, 10.1667, 6.9632, -2.21775, 3.60804, 2.59435
408500, 3.3636e+006, -0, -0.04, 10.1667, 6.9654, -2.67036, 4.37664, 2.6024
409540, 3.3634e+006, 0, -0.0397, 10.1667, 6.96064, -2.78898, 3.3273, 2.60486
410640, 3.3633e+006, -0, -0.0302, 10.1667, 6.95666, -3.41029, 0.596897, 2.65185
411810, 3.3632e+006, 0, -0.0297, 10.1667, 6.95557, -3.26843, 0.241692, 2.67883
413080, 3.3632e+006, -0, -0.02, 10.1667, 6.95404, 2.0213, -3.98246, 2.72472
414650, 3.3631e+006, 0, -0.0103, 10.1667, 6.95677, 0, 0, 2.62089
419840, 3.363e+006, -0, -0.0297, 10.1667, 6.9303, 0.674515, -3.85109, 2.54864
421060, 3.3627e+006, 0, -0.0202, 10.1667, 6.96694, 1.54413, -0.696006, 2.54061
394420, 3.3669e+006, -0, -0.0198, 10.1667, 6.8012, -0.791107, -12.6667, 2.76254
395330, 3.3668e+006, 0, -0.0297, 10.1667, 6.8494, -0.999792, -8.79463, 2.61997
396270, 3.3666e+006, -0, -0.03, 10.1667, 6.85552, -0.438741, -6.89055, 2.61005
397220, 3.3665e+006, 0, -0.0302, 10.1667, 6.86562, 0.194835, -4.17588, 2.5558
398190, 3.3663e+006, -0, -0.0302, 10.1667, 6.8762, -0.29379, -2.20336, 2.56313
399180, 3.3661e+006, 0, -0.0302, 10.1667, 6.87315, 0.0968753, -1.25952, 2.57737
400200, 3.3659e+006, -0, -0.03, 10.1667, 6.86808, 0.481909, -3.10685, 2.57771
401310, 3.3657e+006, 0, -0.0302, 10.1667, 6.78158, 1.32525, -2.09111, 2.49646
401980, 3.3656e+006, -0, -0.05, 10.1667, 10.9349, 4.55851, 4.02459, 3.9568
402160, 3.3656e+006, 0, -0.05, 10.1667, 13.0621, 5.60643, 5.16976, 4.77203
402340, 3.3655e+006, -0, -0.1273, 10.1667, 16.0411, 4.71442, 7.37202, 5.76056
402540, 3.3655e+006, 0, -0.0516, 10.1667, 18.242, 3.56837, 6.65554, 6.52954
402730, 3.3655e+006, -0, -0.0502, 10.1667, 16.3118, 2.53564, 5.90404, 5.74939
403250, 3.3654e+006, 0, -0.05, 10.1667, 13.1832, 0.411381, 5.58731, 4.67615
404080, 3.3654e+006, -0, -0.0402, 10.1667, 7.49849, -1.53901, 2.34661, 2.76257
404940, 3.3653e+006, 0, -0.04, 10.1667, 6.88915, -1.47738, 2.46305, 2.58117
405830, 3.3652e+006, -0, -0.04, 10.1667, 6.88651, -1.52807, 2.90931, 2.5842
406750, 3.365e+006, 0, -0.04, 10.1667, 6.88848, -1.57957, 3.50055, 2.58941
407690, 3.3649e+006, -0, -0.04, 10.1667, 6.8909, -1.51719, 4.18422, 2.59549
408670, 3.3647e+006, 0, -0.0398, 10.1667, 6.89562, -1.5161, 4.76743, 2.60379
409700, 3.3646e+006, -0, -0.0303, 10.1667, 6.88652, -1.0461, 1.98982, 2.63509
410770, 3.3645e+006, 0, -0.0298, 10.1667, 6.88613, -0.216006, 0.760609, 2.63989
411930, 3.3644e+006, -0, -0.0202, 10.1667, 6.8945, 2.84969, -3.28831, 2.73979
413120, 3.3644e+006, 0, -0.0103, 10.1667, 6.90307, 0, 0, 2.65639
420200, 3.3642e+006, -0, -0.0202, 10.1667, 6.65828, -0.950144, -3.42212, 2.60774
429340, 3.3503e+006, 0, -0.01, 10.1667, 6.86668, 1.64077, -7.57414, 2.51851
394390, 3.3681e+006, -0, -0.0106, 10.1667, 6.71882, -0.727989, -11.957, 2.92295
395370, 3.368e+006, 0, -0.0295, 10.1667, 6.76662, -1.10046, -8.52608, 2.65605
396330, 3.3679e+006, -0, -0.0302, 10.1667, 6.78026, -1.41744, -7.1321, 2.61863
397290, 3.3677e+006, 0, -0.0397, 10.1667, 6.79373, -1.15073, -3.13043, 2.54927
398260, 3.3675e+006, -0, -0.0397, 10.1667, 6.80403, -0.930634, -1.49901, 2.55374
399250, 3.3672e+006, 0, -0.0303, 10.1667, 6.81018, -0.804665, -1.71521, 2.58195
400280, 3.367e+006, -0, -0.03, 10.1667, 6.80338, -0.620136, -2.71058, 2.59229
401400, 3.3668e+006, 0, -0.03, 10.1667, 7.07722, 0.247587, -2.32151, 2.658
402070, 3.3666e+006, -0, -0.05, 10.1667, 11.8595, 2.57632, 4.90472, 4.3016
402240, 3.3666e+006, 0, -0.05, 10.1667, 14.9338, 2.94831, 5.42685, 5.45863
402410, 3.3666e+006, -0, -0.1275, 10.1667, 17.7578, 1.61424, 8.1504, 6.41479
402610, 3.3666e+006, 0, -0.0609, 10.1667, 15.9962, 0.504525, 6.90727, 5.77789
402830, 3.3666e+006, -0, -0.0694, 10.1667, 14.1238, 0.581697, 7.82537, 5.02564
403350, 3.3665e+006, 0, -0.0691, 10.1667, 13.3444, -0.170329, 7.47573, 4.78261
404190, 3.3665e+006, -0, -0.0405, 10.1667, 7.00058, -1.63699, 2.10835, 2.63314
405070, 3.3664e+006, 0, -0.04, 10.1667, 6.81381, -1.47422, 2.60388, 2.58308
405980, 3.3663e+006, -0, -0.04, 10.1667, 6.81597, -1.48626, 3.17176, 2.58654
406910, 3.3662e+006, 0, -0.04, 10.1667, 6.81818, -1.48869, 3.68561, 2.59099
407860, 3.3661e+006, -0, -0.04, 10.1667, 6.82, -1.32998, 4.06842, 2.59467
408840, 3.3659e+006, 0, -0.0398, 10.1667, 6.82408, -1.04403, 4.13334, 2.59867
409850, 3.3658e+006, -0, -0.0302, 10.1667, 6.81568, -1.13938, 0.40987, 2.62764
410880, 3.3657e+006, 0, -0.0298, 10.1667, 6.81626, -0.905285, 0.454052, 2.63336
411970, 3.3656e+006, -0, -0.0202, 10.1667, 6.842, -0.410395, -6.60867, 2.69604
428920, 3.351e+006, 0, -0.01, 10.1667, 7.25867, 2.92659, -5.46083, 2.85313
394540, 3.3696e+006, -0, -0.0197, 10.1667, 6.63766, -2.34633, -11.5892, 2.81989
395490, 3.3694e+006, 0, -0.0203, 10.1667, 6.72002, -2.00939, -9.59407, 2.74922
396460, 3.3692e+006, -0, -0.03, 10.1667, 6.71274, -1.94762, -6.28906, 2.61237
397430, 3.3689e+006, 0, -0.0397, 10.1667, 6.72139, -1.37596, -3.04452, 2.56221
398410, 3.3686e+006, -0, -0.04, 10.1667, 6.72566, -0.800117, -1.9071, 2.55416
399380, 3.3683e+006, 0, -0.0397, 10.1667, 6.73189, -1.0137, -1.51385, 2.55806
400390, 3.3681e+006, -0, -0.0302, 10.1667, 6.73969, -1.2653, -3.32381, 2.60711
401490, 3.3678e+006, 0, -0.03, 10.1667, 7.68217, -0.890144, -1.73568, 2.89679
402140, 3.3677e+006, -0, -0.05, 10.1667, 15.7441, 0.618455, 5.92474, 5.68849
402300, 3.3677e+006, 0, -0.05, 10.1667, 16.2984, 1.07999, 6.33246, 5.88702
402470, 3.3676e+006, -0, -0.1273, 10.1667, 17.5927, -0.495337, 8.70248, 6.38584
402650, 3.3676e+006, 0, -0.0517, 10.1667, 14.5442, -1.82466, 7.95341, 5.25393
402850, 3.3676e+006, -0, -0.06, 10.1667, 13.4887, -0.725032, 9.37773, 4.84366
403380, 3.3676e+006, 0, -0.0598, 10.1667, 13.616, -0.523336, 7.94237, 4.91343
404260, 3.3676e+006, -0, -0.0403, 10.1667, 7.07267, -0.782464, 1.94704, 2.68212
405160, 3.3675e+006, 0, -0.04, 10.1667, 6.74096, -1.00924, 2.60502, 2.58353
406090, 3.3674e+006, -0, -0.04, 10.1667, 6.74472, -1.35914, 3.23954, 2.5888
407040, 3.3673e+006, 0, -0.04, 10.1667, 6.74801, -1.64714, 3.69514, 2.59337
408000, 3.3673e+006, -0, -0.04, 10.1667, 6.7494, -1.78695, 3.74783, 2.59568
408980, 3.3672e+006, 0, -0.0397, 10.1667, 6.74629, -1.10825, 2.63793, 2.59281
409950, 3.3671e+006, -0, -0.0302, 10.1667, 6.74369, -0.544938, -0.735675, 2.61549
410930, 3.367e+006, 0, -0.0298, 10.1667, 6.74523, -0.215975, -0.361108, 2.61894
411890, 3.367e+006, -0, -0.02, 10.1667, 6.75484, 0.329994, -9.60694, 2.77449
428690, 3.3516e+006, 0, -0.01, 10.1667, 7.87256, -0.946824, -2.66754, 2.65525
394880, 3.3713e+006, -0, -0.0106, 10.1667, 6.65268, -2.18717, -11.751, 2.86198
395780, 3.371e+006, 0, -0.0202, 10.1667, 6.65037, -0.979095, -9.73348, 2.72953
396730, 3.3706e+006, -0, -0.0298, 10.1667, 6.65099, -0.473367, -5.63419, 2.60758
397700, 3.3702e+006, 0, -0.0303, 10.1667, 6.65263, -0.403004, -3.69168, 2.58678
398650, 3.3698e+006, -0, -0.0397, 10.1667, 6.65159, -0.0640475, -2.20598, 2.55489
399590, 3.3694e+006, 0, -0.0398, 10.1667, 6.65784, 0.0162358, -1.50987, 2.55154
400540, 3.3691e+006, -0, -0.0302, 10.1667, 6.68876, -0.639924, -4.41532, 2.60407
401550, 3.3688e+006, 0, -0.0303, 10.1667, 9.2141, -1.0376, 0.322875, 3.43434
402160, 3.3687e+006, -0, -0.05, 10.1667, 16.0552, -2.14424, 6.95828, 5.77547
402330, 3.3686e+006, 0, -0.05, 10.1667, 16.979, -2.73201, 8.52363, 6.2481
402490, 3.3686e+006, -0, -0.1275, 10.1667, 16.1683, -3.25885, 9.83817, 5.9325
402650, 3.3686e+006, 0, -0.0608, 10.1667, 12.6243, -3.52634, 8.33464, 4.60453
402810, 3.3686e+006, -0, -0.0597, 10.1667, 13.3854, -2.29274, 9.51547, 4.81114
403350, 3.3686e+006, 0, -0.0594, 10.1667, 12.8079, -0.827258, 6.94507, 4.70375
404280, 3.3686e+006, -0, -0.0403, 10.1667, 6.9754, 0.0716544, 2.3361, 2.68445
405220, 3.3686e+006, 0, -0.04, 10.1667, 6.67098, -0.49332, 2.85597, 2.58765
406170, 3.3686e+006, -0, -0.04, 10.1667, 6.67224, -1.21137, 3.48487, 2.59327
407120, 3.3685e+006, 0, -0.04, 10.1667, 6.67509, -1.87058, 3.95569, 2.5985
408080, 3.3685e+006, -0, -0.0397, 10.1667, 6.67336, -1.76392, 2.93372, 2.59807
409030, 3.3684e+006, 0, -0.0303, 10.1667, 6.6697, -0.52741, 0.506928, 2.62534
409980, 3.3684e+006, -0, -0.03, 10.1667, 6.66845, 0.171271, -1.09921, 2.61425
410880, 3.3685e+006, 0, -0.0295, 10.1667, 6.66665, 1.16302, -2.48452, 2.60586
411710, 3.3686e+006, -0, -0.0105, 10.1667, 6.70429, 2.88072, -12.3795, 2.94696
394570, 3.3732e+006, 0, -0.03, 10.1667, 6.58775, 0.751853, -4.71205, 2.50049
395350, 3.3729e+006, -0, -0.0297, 10.1667, 6.61491, -0.0995195, -10.3667, 2.60859
396250, 3.3724e+006, 0, -0.0298, 10.1667, 6.60776, -0.421701, -7.90619, 2.62339
397190, 3.3719e+006, -0, -0.03, 10.1667, 6.5964, 0.0484624, -5.41571, 2.5978
398120, 3.3714e+006, 0, -0.03, 10.1667, 6.59149, 0.410373, -4.0431, 2.58031
399020, 3.3709e+006, -0, -0.0303, 10.1667, 6.59474, 0.762253, -2.23575, 2.57885
399880, 3.3705e+006, 0, -0.0395, 10.1667, 6.60152, 0.402089, -1.12954, 2.56235
400730, 3.3701e+006, -0, -0.0305, 10.1667, 7.44308, -1.51717, -3.75398, 2.88056
401600, 3.3698e+006, 0, -0.0494, 10.1667, 13.8496, -1.67724, 3.13749, 5.08563
402130, 3.3697e+006, -0, -0.0498, 10.1667, 16.8393, -3.38801, 6.68007, 6.22558
402300, 3.3696e+006, 0, -0.0513, 10.1667, 16.5529, -4.66593, 8.59015, 6.10681
402460, 3.3696e+006, -0, -0.1275, 10.1667, 15.439, -5.11531, 9.35696, 5.78635
402600, 3.3696e+006, 0, -0.0513, 10.1667, 10.6767, -4.83887, 6.7805, 3.92979
402750, 3.3696e+006, -0, -0.05, 10.1667, 10.1886, -3.96825, 7.46476, 3.67794
403300, 3.3696e+006, 0, -0.0403, 10.1667, 7.72626, -1.16416, 4.98409, 2.84781
404270, 3.3697e+006, -0, -0.04, 10.1667, 6.60968, 0.577655, 2.88628, 2.58648
405240, 3.3697e+006, 0, -0.04, 10.1667, 6.60005, -0.30176, 3.20838, 2.59204
406200, 3.3696e+006, -0, -0.04, 10.1667, 6.60217, -0.972911, 3.77769, 2.59872
407150, 3.3696e+006, 0, -0.0398, 10.1667, 6.60703, -1.54773, 4.22024, 2.60603
408080, 3.3696e+006, -0, -0.0303, 10.1667, 6.60121, -1.43878, 1.85093, 2.64384
409000, 3.3697e+006, 0, -0.0298, 10.1667, 6.58881, -0.531927, -1.0108, 2.64468
409900, 3.3697e+006, -0, -0.0297, 10.1667, 6.59397, 0.154716, -1.29809, 2.63297
410730, 3.3698e+006, 0, -0.0202, 10.1667, 6.5961, 1.25493, -4.79645, 2.64205
411470, 3.3699e+006, -0, -0.0102, 10.1667, 6.65116, 2.43314, -13.1105, 2.89847
394400, 3.3748e+006, 0, -0.0298, 10.1667, 7.05027, 0.338562, -4.65022, 2.73034
395060, 3.3745e+006, -0, -0.0298, 10.1667, 6.97357, 0.387023, -9.52888, 2.80575
395900, 3.3741e+006, 0, -0.03, 10.1667, 6.82675, 0.345812, -8.5652, 2.74059
396800, 3.3736e+006, -0, -0.03, 10.1667, 6.76257, 0.491889, -7.28239, 2.70089
397710, 3.373e+006, 0, -0.03, 10.1667, 6.59861, 0.637006, -5.70726, 2.61507
398610, 3.3724e+006, -0, -0.03, 10.1667, 6.54234, 0.893837, -4.42844, 2.57055
399440, 3.3719e+006, 0, -0.0302, 10.1667, 6.58834, 1.48775, -1.71481, 2.58463
400200, 3.3715e+006, -0, -0.0302, 10.1667, 6.6022, 0.953137, -0.584063, 2.60533
400930, 3.3711e+006, 0, -0.0303, 10.1667, 7.42732, -0.319526, -1.71068, 2.87859
401650, 3.3709e+006, -0, -0.0498, 10.1667, 13.3812, 0.16144, 5.00773, 4.95166
402080, 3.3708e+006, 0, -0.0595, 10.1667, 14.9753, -0.872524, 5.58501, 5.54419
402240, 3.3708e+006, -0, -0.0609, 10.1667, 16.066, -1.73064, 7.55395, 6.04014
402380, 3.3708e+006, 0, -0.1277, 10.1667, 15.0144, -3.37656, 7.79825, 5.66714
402520, 3.3708e+006, -0, -0.0513, 10.1667, 10.5306, -4.13396, 4.90669, 3.93627
402650, 3.3707e+006, 0, -0.0497, 10.1667, 9.2828, -3.15489, 4.68866, 3.44324
403240, 3.3707e+006, -0, -0.0402, 10.1667, 6.4085, -1.28918, 3.16466, 2.54052
404260, 3.3707e+006, 0, -0.04, 10.1667, 6.53274, -0.441307, 2.83299, 2.5947
405260, 3.3707e+006, -0, -0.04, 10.1667, 6.52839, -0.497756, 3.20544, 2.59789
406210, 3.3706e+006, 0, -0.04, 10.1667, 6.53066, -0.786153, 3.93255, 2.60486
407140, 3.3706e+006, -0, -0.0397, 10.1667, 6.52891, -0.567574, 3.90534, 2.61083
408040, 3.3707e+006, 0, -0.03, 10.1667, 6.52929, -0.233516, 1.42873, 2.65182
408920, 3.3708e+006, -0, -0.0203, 10.1667, 6.52061, 0.499432, -2.16636, 2.73065
409770, 3.3709e+006, 0, -0.0202, 10.1667, 6.51836, 1.75621, -1.97398, 2.76744
410560, 3.371e+006, -0, -0.0197, 10.1667, 6.51586, 2.45868, -4.76427, 2.65731
411310, 3.3711e+006, 0, -0.0102, 10.1667, 6.52929, 1.78929, -11.0172, 2.78157
394820, 3.3758e+006, -0, -0.0203, 10.1667, 10.8829, -2.9461, -10.1005, 4.18099
395500, 3.3754e+006, 0, -0.0205, 10.1667, 9.79755, -0.808359, -10.3718, 3.81316
396360, 3.375e+006, -0, -0.03, 10.1667, 8.70875, -0.0241535, -8.64704, 3.42035
397250, 3.3744e+006, 0, -0.0302, 10.1667, 8.32227, 0.310617, -6.6808, 3.27257
398140, 3.3739e+006, -0, -0.0302, 10.1667, 7.25659, 0.161485, -4.86062, 2.85838
399030, 3.3733e+006, 0, -0.0303, 10.1667, 6.79278, -0.476176, -3.44532, 2.65748
399840, 3.3728e+006, -0, -0.0397, 10.1667, 7.24824, 0.406798, -0.257017, 2.81389
400510, 3.3724e+006, 0, -0.0303, 10.1667, 7.3944, -0.0304365, 0.625564, 2.89741
401090, 3.3721e+006, -0, -0.0305, 10.1667, 8.60478, -0.704249, 2.1625, 3.28679
401630, 3.3719e+006, 0, -0.0497, 10.1667, 13.7016, -0.395359, 6.54153, 5.11065
401990, 3.3718e+006, -0, -0.0505, 10.1667, 15.3344, -1.71944, 6.51107, 5.78206
402160, 3.3718e+006, 0, -0.0609, 10.1667, 14.7198, -3.56799, 5.84842, 5.52624
402300, 3.3718e+006, -0, -0.1277, 10.1667, 13.5947, -4.93888, 6.10176, 5.23179
402440, 3.3718e+006, 0, -0.0513, 10.1667, 9.15344, -4.77186, 3.32723, 3.41737
402560, 3.3718e+006, -0, -0.0497, 10.1667, 8.37083, -3.63488, 2.25774, 3.07808
403200, 3.3717e+006, 0, -0.0402, 10.1667, 6.17174, -1.61232, 1.74646, 2.51438
404290, 3.3716e+006, -0, -0.04, 10.1667, 6.4605, -0.747783, 1.97761, 2.60019
405280, 3.3716e+006, 0, -0.04, 10.1667, 6.45079, -0.20129, 2.64209, 2.60074
406220, 3.3716e+006, -0, -0.0398, 10.1667, 6.45496, 0.269032, 3.58364, 2.60801
407120, 3.3716e+006, 0, -0.0305, 10.1667, 6.45515, 0.823402, 3.17434, 2.65458
407990, 3.3716e+006, -0, -0.0298, 10.1667, 6.44703, 1.33925, 1.27894, 2.66061
408840, 3.3717e+006, 0, -0.0202, 10.1667, 6.44513, 2.12945, -3.17631, 2.72619
409690, 3.3718e+006, -0, -0.0198, 10.1667, 6.45233, 4.23715, -3.25688, 2.77737
410450, 3.372e+006, 0, -0.0103, 10.1667, 6.46047, 5.96793, -1.5654, 2.86833
411130, 3.3721e+006, -0, -0.01, 10.1667, 6.45961, 0, 0, 2.68652
395220, 3.3765e+006, 0, -0.0314, 10.1667, 14.457, -5.64425, -9.38891, 5.49665
395880, 3.376e+006, -0, -0.0316, 10.1667, 11.7679, -3.61696, -8.00421, 4.5044
396720, 3.3755e+006, 0, -0.0411, 10.1667, 11.0188, -3.39493, -6.07152, 4.26637
397590, 3.375e+006, -0, -0.0413, 10.1667, 11.0097, -3.05687, -4.40572, 4.28013
398480, 3.3745e+006, 0, -0.0413, 10.1667, 9.73555, -2.44236, -1.68151, 3.74622
399370, 3.374e+006, -0, -0.0414, 10.1667, 9.50226, -3.28119, 0.0965641, 3.61359
400150, 3.3735e+006, 0, -0.0508, 10.1667, 13.8559, -3.50587, 2.29834, 5.24715
400760, 3.3732e+006, -0, -0.05, 10.1667, 13.5299, -3.71898, 3.22484, 5.10699
401210, 3.3729e+006, 0, -0.05, 10.1667, 12.5579, -2.52628, 5.45692, 4.70881
401600, 3.3726e+006, -0, -0.0513, 10.1667, 13.1577, -1.42388, 6.85886, 4.92651
401900, 3.3725e+006, 0, -0.0608, 10.1667, 15.9622, -3.32755, 6.23961, 6.14053
402080, 3.3725e+006, -0, -0.0622, 10.1667, 14.1739, -4.89171, 3.51954, 5.42262
402230, 3.3725e+006, 0, -0.1277, 10.1667, 11.7172, -5.4234, 4.43806, 4.48296
402370, 3.3725e+006, -0, -0.0511, 10.1667, 7.93266, -4.82583, 1.86807, 3.04261
402510, 3.3725e+006, 0, -0.05, 10.1667, 7.48979, -3.57375, 1.54797, 2.89374
403200, 3.3725e+006, -0, -0.04, 10.1667, 6.11066, -1.46086, 0.491546, 2.51827
404320, 3.3724e+006, 0, -0.04, 10.1667, 6.37441, -0.340457, 1.06814, 2.59766
405290, 3.3724e+006, -0, -0.04, 10.1667, 6.37459, 0.253964, 1.89123, 2.60042
406210, 3.3724e+006, 0, -0.04, 10.1667, 6.37797, 0.973889, 2.70453, 2.60763
407100, 3.3724e+006, -0, -0.0397, 10.1667, 6.38135, 1.26116, 2.57258, 2.61417
407950, 3.3725e+006, 0, -0.03, 10.1667, 6.37576, 1.60863, 0.661759, 2.66146
408790, 3.3725e+006, -0, -0.0203, 10.1667, 6.37629, 1.48175, -2.8985, 2.70793
409640, 3.3725e+006, 0, -0.02, 10.1667, 6.3724, 0.647014, -4.6803, 2.75994
391570, 3.3785e+006, -0, -0.05, 10.1667, 12.575, 1.94744, 0.138831, 4.82393
393170, 3.3783e+006, 0, -0.05, 10.1667, 12.6534, 1.89849, -0.425608, 4.87638
394530, 3.3776e+006, -0, -0.0513, 10.1667, 13.0907, 2.5879, -1.4662, 5.00402
395470, 3.3768e+006, 0, -0.1256, 10.1667, 9.69925, -3.12177, -7.44061, 3.77052
396120, 3.3764e+006, -0, -0.127, 10.1667, 8.99505, -4.32165, -3.97041, 3.56821
396940, 3.3759e+006, 0, -0.1273, 10.1667, 8.46378, -5.32862, -3.12729, 3.38173
397800, 3.3754e+006, -0, -0.1272, 10.1667, 9.7224, -4.77318, -3.15862, 3.8477
398700, 3.3749e+006, 0, -0.1272, 10.1667, 13.2507, -4.3145, 0.714717, 5.06624
399560, 3.3743e+006, -0, -0.1273, 10.1667, 17.1568, -5.68242, 4.60526, 6.61293
400300, 3.3739e+006, 0, -0.1275, 10.1667, 16.7004, -5.8231, 4.2373, 6.39401
400880, 3.3735e+006, -0, -0.127, 10.1667, 17.4758, -3.83338, 4.76141, 6.67694
401310, 3.3732e+006, 0, -0.127, 10.1667, 18.7339, -2.29434, 6.62017, 7.11309
401630, 3.3731e+006, -0, -0.1287, 10.1667, 17.6832, -4.02422, 3.75242, 6.77206
401850, 3.373e+006, 0, -0.1277, 10.1667, 14.9868, -3.95242, 1.30893, 5.81212
402030, 3.373e+006, -0, -0.1278, 10.1667, 15.9274, -4.06869, 0.312449, 6.21867
402190, 3.373e+006, 0, -0.1287, 10.1667, 14.1952, -4.33602, 2.27994, 5.57083
402330, 3.373e+006, -0, -0.0511, 10.1667, 10.1472, -3.32931, 0.956291, 3.91889
402470, 3.373e+006, 0, -0.05, 10.1667, 8.68636, -1.92239, 1.55875, 3.36607
403170, 3.3731e+006, -0, -0.04, 10.1667, 6.11184, -0.167819, -0.305934, 2.53886
404300, 3.3732e+006, 0, -0.04, 10.1667, 6.29886, 0.333194, 0.613009, 2.59624
405270, 3.3732e+006, -0, -0.04, 10.1667, 6.30145, 0.586856, 1.30878, 2.59942
406190, 3.3733e+006, 0, -0.04, 10.1667, 6.30383, 1.12387, 1.88525, 2.60442
407070, 3.3733e+006, -0, -0.0398, 10.1667, 6.30557, 1.78542, 2.13049, 2.61056
407930, 3.3733e+006, 0, -0.0303, 10.1667, 6.30542, 1.68328, 0.507813, 2.65061
408760, 3.3733e+006, -0, -0.0297, 10.1667, 6.31058, 0.229993, -1.40665, 2.65862
409590, 3.3732e+006, 0, -0.02, 10.1667, 6.37672, -1.76846, -4.44139, 2.76589
410330, 3.3732e+006, -0, -0.0103, 10.1667, 6.56991, 0, 0, 2.65259
404700, 3.3959e+006, 0, -0.04, 10.1667, 6.21342, -4.94254, -8.65454, 2.3204
395590, 3.377e+006, -0, -0.0317, 10.1667, 10.0488, -3.13311, -5.49598, 3.89261
396260, 3.3766e+006, 0, -0.0413, 10.1667, 7.83715, -1.79816, -4.37766, 3.17443
397060, 3.3761e+006, -0, -0.04, 10.1667, 7.65158, -2.35554, -4.56534, 3.01191
397920, 3.3756e+006, 0, -0.0414, 10.1667, 7.8956, -1.64432, -6.09352, 3.09416
398820, 3.3751e+006, -0, -0.0416, 10.1667, 14.7187, -1.92718, 0.20863, 5.63655
399680, 3.3745e+006, 0, -0.0511, 10.1667, 15.6114, -5.31289, 4.6355, 5.97327
400390, 3.3741e+006, -0, -0.0509, 10.1667, 17.3618, -5.58929, 3.88048, 6.62335
400950, 3.3737e+006, 0, -0.05, 10.1667, 20.2783, -3.59489, 3.97636, 7.69808
401370, 3.3735e+006, -0, -0.05, 10.1667, 22.5098, -0.656, 3.7855, 8.50993
401810, 3.3737e+006, 0, -0.0514, 10.1667, 13.5413, -0.0146444, 0.268669, 5.26011
402000, 3.3737e+006, -0, -0.0619, 10.1667, 13.3528, 0.0487857, 0.913687, 5.26025
402160, 3.3737e+006, 0, -0.1277, 10.1667, 14.5767, 0.0993707, 1.04982, 5.72158
402300, 3.3737e+006, -0, -0.0513, 10.1667, 12.5745, -0.677986, 0.765727, 4.92283
402440, 3.3737e+006, 0, -0.0497, 10.1667, 10.4066, -0.530061, 1.09921, 4.08934
403110, 3.3738e+006, -0, -0.0402, 10.1667, 6.2066, 0.477947, -0.457379, 2.57135
404230, 3.374e+006, 0, -0.04, 10.1667, 6.23042, 0.501211, 0.352153, 2.59785
405220, 3.374e+006, -0, -0.04, 10.1667, 6.22936, 0.767353, 0.872886, 2.598
406150, 3.3741e+006, 0, -0.04, 10.1667, 6.23146, 1.21988, 1.32014, 2.60123
407050, 3.3741e+006, -0, -0.04, 10.1667, 6.23313, 1.71079, 1.66363, 2.60593
407920, 3.3741e+006, 0, -0.0397, 10.1667, 6.23724, 1.45433, 1.14965, 2.60862
408760, 3.3741e+006, -0, -0.03, 10.1667, 6.23868, 0.709221, -0.384512, 2.66211
409580, 3.374e+006, 0, -0.0202, 10.1667, 6.23186, 0.0243824, -4.17687, 2.70763
410320, 3.374e+006, -0, -0.0198, 10.1667, 6.22356, -0.666627, -4.97692, 2.65791
410970, 3.374e+006, 0, -0.02, 10.1667, 6.45241, 0, 0, 2.56632
405390, 3.3969e+006, -0, -0.04, 10.1667, 6.21357, -6.48506, -11.114, 2.66977
395880, 3.3775e+006, 0, -0.03, 10.1667, 6.03237, -2.54035, -5.53941, 2.57305
396560, 3.3771e+006, -0, -0.0302, 10.1667, 5.95566, -2.1142, -6.57799, 2.61398
397360, 3.3766e+006, 0, -0.0303, 10.1667, 5.98684, -1.63273, -6.70984, 2.65953
398230, 3.3761e+006, -0, -0.0302, 10.1667, 6.22101, -2.41645, -6.59906, 2.70653
401750, 3.3745e+006, 0, -0.05, 10.1667, 13.2213, 0.625243, 1.86891, 5.14074
401940, 3.3746e+006, -0, -0.0516, 10.1667, 14.1647, 0.797069, 3.0195, 5.67802
402100, 3.3746e+006, 0, -0.1275, 10.1667, 15.2725, 0.370976, 1.11398, 6.07784
402260, 3.3746e+006, -0, -0.0514, 10.1667, 12.9561, -1.10984, 0.632961, 5.1358
402400, 3.3746e+006, 0, -0.0498, 10.1667, 11.2319, -1.35471, 1.38512, 4.41129
403050, 3.3747e+006, -0, -0.0402, 10.1667, 6.12339, 0.138381, -0.464239, 2.56213
404150, 3.3748e+006, 0, -0.04, 10.1667, 6.1585, 0.574079, 0.105562, 2.59377
405150, 3.3749e+006, -0, -0.04, 10.1667, 6.16076, 0.809232, 0.545311, 2.59395
406100, 3.375e+006, 0, -0.04, 10.1667, 6.16286, 1.17732, 0.919841, 2.59593
407020, 3.375e+006, -0, -0.04, 10.1667, 6.16505, 1.62443, 1.25369, 2.59878
407910, 3.375e+006, 0, -0.0398, 10.1667, 6.16803, 2.09956, 1.40681, 2.60247
408770, 3.375e+006, -0, -0.0302, 10.1667, 6.17582, 2.18202, 0.0138682, 2.64135
409600, 3.375e+006, 0, -0.0203, 10.1667, 6.19047, 1.22794, -3.21864, 2.67066
410370, 3.3749e+006, -0, -0.02, 10.1667, 6.18515, 0.424589, -4.0786, 2.64086
411060, 3.3749e+006, 0, -0.02, 10.1667, 6.17735, -0.188464, -4.53097, 2.62755
405880, 3.3979e+006, -0, -0.04, 10.1667, 6.07223, -4.63006, -14.7507, 2.65892
401680, 3.3754e+006, 0, -0.05, 10.1667, 11.5708, 1.03667, -0.725561, 4.57497
401840, 3.3754e+006, -0, -0.0606, 10.1667, 12.1573, 1.57827, -0.135006, 4.92106
402010, 3.3754e+006, 0, -0.1278, 10.1667, 14.1, 0.561469, 0.0715789, 5.65799
402180, 3.3755e+006, -0, -0.0608, 10.1667, 12.7352, -0.857858, 0.397762, 5.09161
402360, 3.3755e+006, 0, -0.05, 10.1667, 11.4571, -1.15493, 1.78762, 4.53921
402990, 3.3755e+006, -0, -0.0402, 10.1667, 6.04368, 0.0325722, -0.519025, 2.54707
404050, 3.3757e+006, 0, -0.04, 10.1667, 6.09027, 0.598261, -0.0160151, 2.58779
405060, 3.3758e+006, -0, -0.04, 10.1667, 6.09273, 0.786084, 0.348664, 2.58855
406030, 3.3759e+006, 0, -0.04, 10.1667, 6.09497, 1.08081, 0.640254, 2.5899
406970, 3.376e+006, -0, -0.04, 10.1667, 6.09632, 1.45113, 0.890437, 2.5914
407880, 3.376e+006, 0, -0.04, 10.1667, 6.0977, 1.94282, 1.02324, 2.59328
408770, 3.376e+006, -0, -0.0397, 10.1667, 6.10111, 2.13282, 0.292196, 2.59203
409630, 3.376e+006, 0, -0.03, 10.1667, 6.11124, 1.43665, -1.60788, 2.61105
410460, 3.3759e+006, -0, -0.0203, 10.1667, 6.1155, 0.527941, -3.76229, 2.64158
411230, 3.3758e+006, 0, -0.02, 10.1667, 6.14996, -0.513523, -4.38645, 2.64563
406240, 3.399e+006, -0, -0.04, 10.1667, 6.02227, -5.05773, -16.2014, 2.68036
396280, 3.3781e+006, 0, -0.0102, 10.1667, 5.95159, -3.57358, -9.11263, 2.97451
396980, 3.3778e+006, -0, -0.02, 10.1667, 5.95573, -2.32765, -9.19384, 2.78931
397790, 3.3774e+006, 0, -0.0298, 10.1667, 5.95917, -1.52026, -7.14413, 2.65176
398710, 3.377e+006, -0, -0.03, 10.1667, 5.99145, -2.04117, -6.30892, 2.63903
401540, 3.3765e+006, 0, -0.0402, 10.1667, 7.68281, 1.7649, -2.84492, 3.10174
401720, 3.3765e+006, -0, -0.0513, 10.1667, 10.5876, 2.56483, -1.9627, 4.39055
401900, 3.3765e+006, 0, -0.1277, 10.1667, 13.233, 0.808595, -0.575077, 5.39004
402090, 3.3766e+006, -0, -0.0611, 10.1667, 12.6676, -1.05036, 0.962007, 5.15731
402290, 3.3766e+006, 0, -0.0502, 10.1667, 11.2125, -1.38308, 1.90432, 4.50111
402900, 3.3766e+006, -0, -0.0402, 10.1667, 5.9424, -0.445785, -0.694812, 2.53012
403930, 3.3767e+006, 0, -0.04, 10.1667, 6.02188, 0.216944, -0.103037, 2.5809
404950, 3.3768e+006, -0, -0.04, 10.1667, 6.02263, 0.484041, 0.212092, 2.58177
405940, 3.3769e+006, 0, -0.04, 10.1667, 6.02423, 0.789722, 0.477242, 2.58231
406910, 3.377e+006, -0, -0.04, 10.1667, 6.02562, 1.08948, 0.64283, 2.58225
407850, 3.377e+006, 0, -0.04, 10.1667, 6.02737, 1.32687, 0.702989, 2.58161
408770, 3.377e+006, -0, -0.04, 10.1667, 6.02796, 1.36093, 0.467105, 2.57905
409670, 3.377e+006, 0, -0.0397, 10.1667, 6.03021, 0.870583, -0.421013, 2.57794
410560, 3.377e+006, -0, -0.0298, 10.1667, 6.03673, -0.0703637, -2.88649, 2.60747
411440, 3.3769e+006, 0, -0.0203, 10.1667, 6.06646, -1.35073, -3.5324, 2.65573
412330, 3.3768e+006, -0, -0.02, 10.1667, 6.18592, 0, 0, 2.53566
406750, 3.4e+006, 0, -0.04, 10.1667, 5.93917, -8.05659, -15.9208, 2.70505
396580, 3.3788e+006, -0, -0.0102, 10.1667, 5.91608, -4.15016, -13.476, 2.94767
397330, 3.3785e+006, 0, -0.0202, 10.1667, 5.92034, -2.65011, -9.61854, 2.67053
398160, 3.3782e+006, -0, -0.0298, 10.1667, 5.9345, -2.03868, -6.37202, 2.63189
399070, 3.3779e+006, 0, -0.03, 10.1667, 5.94613, -3.18812, -5.22939, 2.62372
400000, 3.3777e+006, -0, -0.03, 10.1667, 6.00808, -2.23253, -1.94871, 2.54061
400820, 3.3777e+006, 0, -0.03, 10.1667, 6.01312, -0.641172, -2.10156, 2.48869
401340, 3.3777e+006, -0, -0.0305, 10.1667, 6.13379, 1.41118, -3.5779, 2.50202
401580, 3.3777e+006, 0, -0.0508, 10.1667, 9.86555, 2.59702, -0.124881, 4.1383
401780, 3.3777e+006, -0, -0.1278, 10.1667, 12.8978, 0.445288, 0.597572, 5.3303
401990, 3.3777e+006, 0, -0.0705, 10.1667, 12.1906, -1.97476, 1.57282, 5.03734
402200, 3.3778e+006, -0, -0.0595, 10.1667, 11.4029, -1.62857, 1.64563, 4.59798
402810, 3.3778e+006, 0, -0.0403, 10.1667, 5.92931, -0.581533, -0.810103, 2.52443
403830, 3.3779e+006, -0, -0.04, 10.1667, 5.95225, 0.119615, -0.136675, 2.57028
404850, 3.3779e+006, 0, -0.04, 10.1667, 5.95484, 0.345063, 0.179826, 2.5729
405850, 3.378e+006, -0, -0.04, 10.1667, 5.95616, 0.559097, 0.454212, 2.57372
406840, 3.3781e+006, 0, -0.04, 10.1667, 5.95764, 0.731912, 0.637301, 2.57316
407810, 3.3781e+006, -0, -0.04, 10.1667, 5.95965, 0.778017, 0.788446, 2.57165
408760, 3.3781e+006, 0, -0.04, 10.1667, 5.96152, 0.586737, 0.793255, 2.56905
409690, 3.3781e+006, -0, -0.0397, 10.1667, 5.95807, 0.74819, -0.295449, 2.56508
410630, 3.3781e+006, 0, -0.0302, 10.1667, 5.95818, 0.825654, -2.41077, 2.57079
411580, 3.3781e+006, -0, -0.0297, 10.1667, 5.9658, 0.0817953, -2.40611, 2.56306
412540, 3.378e+006, 0, -0.0202, 10.1667, 5.97855, -0.887074, -6.24688, 2.58957
407420, 3.4008e+006, -0, -0.04, 10.1667, 5.9627, -13.0765, -13.7867, 2.78194
396680, 3.3795e+006, 0, -0.0103, 10.1667, 5.8522, -0.651561, -13.634, 2.88897
397540, 3.3794e+006, -0, -0.0295, 10.1667, 5.84943, -1.37697, -8.00417, 2.59382
398390, 3.3792e+006, 0, -0.03, 10.1667, 5.86842, -1.79644, -5.41257, 2.59825
399230, 3.379e+006, -0, -0.03, 10.1667, 5.87604, -2.30323, -4.45309, 2.59121
400020, 3.3789e+006, 0, -0.0298, 10.1667, 5.8723, -1.99753, -5.07972, 2.58248
400670, 3.3789e+006, -0, -0.03, 10.1667, 6.05415, -1.1413, -4.27236, 2.64318
401150, 3.3789e+006, 0, -0.0303, 10.1667, 8.05549, -0.175424, -4.4908, 3.41784
401450, 3.3789e+006, -0, -0.05, 10.1667, 14.0375, 0.189681, 0.547362, 5.9082
401650, 3.3789e+006, 0, -0.1275, 10.1667, 14.2769, -1.82369, 1.50464, 5.92519
401860, 3.3789e+006, -0, -0.0609, 10.1667, 11.0032, -3.22143, 1.63468, 4.63595
402090, 3.3789e+006, 0, -0.05, 10.1667, 10.6851, -2.04058, 1.23544, 4.35378
402710, 3.379e+006, -0, -0.0402, 10.1667, 5.74334, -0.717071, -0.872342, 2.47982
403730, 3.379e+006, 0, -0.04, 10.1667, 5.88591, -0.00270033, -0.277256, 2.56236
404760, 3.3791e+006, -0, -0.04, 10.1667, 5.88586, 0.218251, 0.207777, 2.56464
405780, 3.3792e+006, 0, -0.04, 10.1667, 5.88695, 0.374338, 0.522596, 2.56544
406780, 3.3792e+006, -0, -0.04, 10.1667, 5.88853, 0.526238, 0.767047, 2.56456
407760, 3.3793e+006, 0, -0.04, 10.1667, 5.8907, 0.612693, 0.971293, 2.56215
408730, 3.3793e+006, -0, -0.0398, 10.1667, 5.89301, 0.61495, 1.06636, 2.55966
409680, 3.3793e+006, 0, -0.0303, 10.1667, 5.88804, 1.1221, -1.21695, 2.57363
410650, 3.3793e+006, -0, -0.03, 10.1667, 5.8887, 1.3593, -2.14774, 2.55552
411640, 3.3794e+006, 0, -0.0298, 10.1667, 5.89795, 1.00564, -1.92134, 2.54157
412710, 3.3794e+006, -0, -0.0202, 10.1667, 5.91195, 0.106007, -6.82632, 2.62794
408280, 3.4014e+006, 0, -0.04, 10.1667, 6.32531, -18.335, -9.26487, 3.06708
396620, 3.3803e+006, -0, -0.0105, 10.1667, 5.81552, 0.716793, -11.191, 2.77336
397570, 3.3803e+006, 0, -0.0295, 10.1667, 5.78675, 0.130182, -6.7048, 2.58974
398430, 3.3802e+006, -0, -0.03, 10.1667, 5.80306, -0.944643, -4.63126, 2.57459
399220, 3.3802e+006, 0, -0.0298, 10.1667, 5.80771, -1.42692, -4.2937, 2.59155
399920, 3.3802e+006, -0, -0.0205, 10.1667, 5.81874, -1.3519, -6.73076, 2.67709
400510, 3.3802e+006, 0, -0.03, 10.1667, 6.08672, -1.06094, -4.10553, 2.66704
401000, 3.3802e+006, -0, -0.0398, 10.1667, 7.3537, 1.27827, -3.76537, 3.08145
401340, 3.3802e+006, 0, -0.0509, 10.1667, 12.6574, 0.815341, -0.0241845, 5.28404
401560, 3.3802e+006, -0, -0.1275, 10.1667, 13.9674, -3.29009, 1.31268, 5.88037
401770, 3.3802e+006, 0, -0.0511, 10.1667, 10.0644, -4.60487, 1.16727, 4.22881
401970, 3.3802e+006, -0, -0.05, 10.1667, 9.2225, -3.00393, 0.607942, 3.73183
402590, 3.3802e+006, 0, -0.0398, 10.1667, 5.55843, -1.12415, -1.2537, 2.47626
403630, 3.3803e+006, -0, -0.0398, 10.1667, 5.81572, -0.0348509, -0.902791, 2.56014
404680, 3.3803e+006, 0, -0.04, 10.1667, 5.81333, 0.311518, 0.248202, 2.55765
405710, 3.3804e+006, -0, -0.04, 10.1667, 5.8152, 0.325583, 0.59742, 2.55764
406720, 3.3804e+006, 0, -0.04, 10.1667, 5.81668, 0.391501, 0.852235, 2.55649
407710, 3.3804e+006, -0, -0.04, 10.1667, 5.81848, 0.490746, 0.995215, 2.5538
408680, 3.3805e+006, 0, -0.0398, 10.1667, 5.81937, 0.704312, 0.913071, 2.55107
409650, 3.3805e+006, -0, -0.0302, 10.1667, 5.81434, 1.06192, -1.99396, 2.56246
410610, 3.3806e+006, 0, -0.03, 10.1667, 5.81631, 1.03174, -2.08388, 2.55037
411600, 3.3806e+006, -0, -0.0298, 10.1667, 5.82116, 0.813224, -1.88053, 2.53747
412660, 3.3807e+006, 0, -0.0202, 10.1667, 5.8242, 1.1009, -6.63087, 2.63082
409280, 3.4017e+006, -0, -0.04, 10.1667, 7.35548, -20.0916, -2.80355, 3.78359
396470, 3.3812e+006, 0, -0.0198, 10.1667, 5.72556, 0.239986, -7.90985, 2.56205
397450, 3.3813e+006, -0, -0.0203, 10.1667, 5.72825, -1.04494, -6.45781, 2.63437
398320, 3.3813e+006, 0, -0.0298, 10.1667, 5.73839, -1.38153, -3.85611, 2.57227
399090, 3.3813e+006, -0, -0.0298, 10.1667, 5.73916, -1.52034, -4.29254, 2.60073
399770, 3.3814e+006, 0, -0.0205, 10.1667, 5.76701, -1.55538, -6.54051, 2.66713
400360, 3.3814e+006, -0, -0.03, 10.1667, 6.0288, -1.57286, -3.89327, 2.68391
400870, 3.3814e+006, 0, -0.04, 10.1667, 7.59028, -0.170717, -3.01652, 3.27075
401240, 3.3815e+006, -0, -0.0511, 10.1667, 14.0868, -0.27757, -0.369832, 6.07588
401480, 3.3815e+006, 0, -0.1273, 10.1667, 14.1153, -3.21946, 0.863955, 6.02752
401680, 3.3815e+006, -0, -0.05, 10.1667, 10.353, -4.62876, 0.610874, 4.44168
401870, 3.3815e+006, 0, -0.05, 10.1667, 9.26137, -2.92233, 0.0810766, 3.79559
402490, 3.3815e+006, -0, -0.0303, 10.1667, 5.47281, -0.847861, -2.22692, 2.47149
403560, 3.3815e+006, 0, -0.0303, 10.1667, 5.74275, 0.158661, -1.89854, 2.57461
404610, 3.3815e+006, -0, -0.0398, 10.1667, 5.74312, 0.301326, 0.240701, 2.54996
405640, 3.3816e+006, 0, -0.04, 10.1667, 5.7451, 0.223515, 0.622574, 2.54957
406660, 3.3816e+006, -0, -0.04, 10.1667, 5.74696, 0.193053, 0.88989, 2.54851
407650, 3.3817e+006, 0, -0.04, 10.1667, 5.74863, 0.101057, 1.02774, 2.54639
408630, 3.3817e+006, -0, -0.0397, 10.1667, 5.74582, 0.558689, 0.164673, 2.54466
409590, 3.3818e+006, 0, -0.0302, 10.1667, 5.7432, 1.12681, -2.12, 2.55702
410530, 3.3818e+006, -0, -0.03, 10.1667, 5.74516, 0.975801, -2.08435, 2.55021
411450, 3.382e+006, 0, -0.0298, 10.1667, 5.74864, 0.89304, -1.89911, 2.5423
412360, 3.3821e+006, -0, -0.0202, 10.1667, 5.74227, 1.92756, -6.36138, 2.65809
410240, 3.4018e+006, 0, -0.04, 10.1667, 8.59212, -15.3854, -3.60489, 4.71867
395520, 3.3822e+006, -0, -0.02, 10.1667, 5.03637, 0.665971, -0.0327797, 2.66223
396260, 3.3822e+006, 0, -0.02, 10.1667, 5.64557, -1.10716, -3.3381, 2.51433
397210, 3.3823e+006, -0, -0.0202, 10.1667, 5.64995, -2.44919, -6.44056, 2.64223
398130, 3.3824e+006, 0, -0.0297, 10.1667, 5.66856, -2.62911, -3.5936, 2.59694
398910, 3.3825e+006, -0, -0.0298, 10.1667, 5.66441, -2.20942, -4.42642, 2.62363
399600, 3.3825e+006, 0, -0.0297, 10.1667, 5.70225, -2.13134, -5.32423, 2.6371
400200, 3.3826e+006, -0, -0.03, 10.1667, 6.05113, -1.67916, -4.5286, 2.75339
400750, 3.3826e+006, 0, -0.0398, 10.1667, 7.20555, 0.792454, -3.43997, 3.11034
401140, 3.3827e+006, -0, -0.0509, 10.1667, 13.2381, 0.938963, -0.36976, 5.69252
401380, 3.3827e+006, 0, -0.1273, 10.1667, 14.1904, -2.78358, 0.368856, 6.14379
401590, 3.3827e+006, -0, -0.05, 10.1667, 10.4095, -4.01287, -0.0316681, 4.50894
401790, 3.3827e+006, 0, -0.05, 10.1667, 9.69613, -2.14694, -0.0935996, 4.12931
402420, 3.3827e+006, -0, -0.0302, 10.1667, 5.4303, -0.580462, -3.03606, 2.47308
403490, 3.3827e+006, 0, -0.0302, 10.1667, 5.67428, -0.443787, -2.43068, 2.57166
404540, 3.3828e+006, -0, -0.0397, 10.1667, 5.67014, -0.199859, -0.294163, 2.54539
405580, 3.3828e+006, 0, -0.04, 10.1667, 5.67421, 0.22851, 0.499498, 2.54178
406590, 3.3828e+006, -0, -0.04, 10.1667, 5.67657, 0.235286, 0.891145, 2.5403
407590, 3.3829e+006, 0, -0.0398, 10.1667, 5.67851, 0.178634, 1.1235, 2.53921
408560, 3.3829e+006, -0, -0.0303, 10.1667, 5.67353, 0.703465, -0.927126, 2.55907
409500, 3.383e+006, 0, -0.03, 10.1667, 5.67146, 1.10001, -1.96564, 2.55428
410410, 3.3831e+006, -0, -0.03, 10.1667, 5.67053, 1.00436, -2.11725, 2.55114
411260, 3.3832e+006, 0, -0.0298, 10.1667, 5.67241, 1.07313, -1.94487, 2.55208
412040, 3.3834e+006, -0, -0.0202, 10.1667, 5.66536, 1.92482, -5.83059, 2.67362
397030, 3.3833e+006, 0, -0.02, 10.1667, 5.54596, 0, 0, 2.51342
397950, 3.3835e+006, -0, -0.02, 10.1667, 5.58815, -2.15882, -4.10648, 2.67409
398740, 3.3836e+006, 0, -0.02, 10.1667, 5.58405, -1.60833, -5.35738, 2.73519
399430, 3.3837e+006, -0, -0.0202, 10.1667, 5.60744, -1.32947, -5.34307, 2.69898
400050, 3.3838e+006, 0, -0.0203, 10.1667, 5.86151, -0.95999, -5.36001, 2.7861
400640, 3.3838e+006, -0, -0.03, 10.1667, 7.48136, -0.0480043, -4.24484, 3.37934
401040, 3.3838e+006, 0, -0.05, 10.1667, 14.1261, 0.504156, -0.260337, 6.28499
401250, 3.3839e+006, -0, -0.1272, 10.1667, 13.9611, -1.79567, -0.0959204, 6.11544
401460, 3.3839e+006, 0, -0.05, 10.1667, 10.6763, -3.60464, -0.486142, 4.65832
401670, 3.3839e+006, -0, -0.05, 10.1667, 9.80742, -1.91899, -0.35522, 4.21398
402330, 3.3839e+006, 0, -0.0302, 10.1667, 5.4013, -0.334055, -3.19937, 2.48659
403420, 3.3839e+006, -0, -0.03, 10.1667, 5.60025, -0.461571, -2.51304, 2.56676
404470, 3.3839e+006, 0, -0.0303, 10.1667, 5.59555, -0.417051, -1.302, 2.56083
405500, 3.384e+006, -0, -0.0397, 10.1667, 5.59891, 0.117549, -0.0440943, 2.5368
406520, 3.384e+006, 0, -0.04, 10.1667, 5.60289, 0.381197, 0.760145, 2.53241
407520, 3.3841e+006, -0, -0.0398, 10.1667, 5.60503, 0.446888, 1.0022, 2.5319
408490, 3.3842e+006, 0, -0.0302, 10.1667, 5.59945, 0.639445, -1.51913, 2.54936
409410, 3.3842e+006, -0, -0.03, 10.1667, 5.5976, 0.495148, -1.83904, 2.54532
410280, 3.3843e+006, 0, -0.0298, 10.1667, 5.5918, 0.575031, -2.65061, 2.55953
411080, 3.3844e+006, -0, -0.0298, 10.1667, 5.59807, 0.171246, -1.5897, 2.55275
411790, 3.3845e+006, 0, -0.0202, 10.1667, 5.60807, -0.168959, -5.3145, 2.66184
412360, 3.3847e+006, -0, -0.02, 10.1667, 5.62729, 0, 0, 2.57228
397870, 3.3847e+006, 0, -0.0102, 10.1667, 5.47992, 0, 0, 2.65143
398620, 3.3848e+006, -0, -0.0103, 10.1667, 5.526, -1.86766, -7.3983, 2.88762
399290, 3.3849e+006, 0, -0.0198, 10.1667, 5.52968, -1.49222, -6.16731, 2.69255
399920, 3.385e+006, -0, -0.02, 10.1667, 5.67341, -1.0034, -6.00461, 2.75931
400540, 3.385e+006, 0, -0.0203, 10.1667, 7.26583, -0.309854, -5.41112, 3.39092
400930, 3.385e+006, -0, -0.05, 10.1667, 13.7292, 0.189726, -0.46471, 6.12749
401120, 3.3851e+006, 0, -0.127, 10.1667, 13.3959, -1.64531, -0.542305, 5.94046
401330, 3.3851e+006, -0, -0.05, 10.1667, 10.9924, -3.22897, -0.398524, 4.84224
401550, 3.3851e+006, 0, -0.05, 10.1667, 10.089, -1.67635, -0.238296, 4.42783
402230, 3.3851e+006, -0, -0.03, 10.1667, 5.36981, -0.309214, -3.29798, 2.49551
403320, 3.3851e+006, 0, -0.03, 10.1667, 5.52742, -0.246109, -2.79807, 2.56094
404370, 3.3851e+006, -0, -0.03, 10.1667, 5.52553, -0.451709, -2.09861, 2.55629
405410, 3.3852e+006, 0, -0.0303, 10.1667, 5.52758, -0.256652, -1.07253, 2.54932
406440, 3.3852e+006, -0, -0.0397, 10.1667, 5.53067, 0.234272, 0.275415, 2.52731
407450, 3.3853e+006, 0, -0.0397, 10.1667, 5.53217, 0.829633, 0.489224, 2.52652
408420, 3.3854e+006, -0, -0.0302, 10.1667, 5.52959, 1.08398, -1.31611, 2.54387
409340, 3.3854e+006, 0, -0.0297, 10.1667, 5.52452, 1.12379, -2.13637, 2.56212
410180, 3.3855e+006, -0, -0.0205, 10.1667, 5.52245, 1.37198, -3.32928, 2.62889
410940, 3.3855e+006, 0, -0.0295, 10.1667, 5.52245, 1.41612, -1.34227, 2.55108
411620, 3.3856e+006, -0, -0.0202, 10.1667, 5.52336, 1.67732, -3.87588, 2.61422
412220, 3.3857e+006, 0, -0.02, 10.1667, 5.4686, 0.904599, -4.69223, 2.69316
398560, 3.3862e+006, -0, -0.0102, 10.1667, 5.42176, 0, 0, 2.60681
399160, 3.3862e+006, 0, -0.0198, 10.1667, 5.45945, -1.24333, -6.96286, 2.71664
399790, 3.3863e+006, -0, -0.02, 10.1667, 5.49364, -0.930268, -6.69027, 2.70854
400450, 3.3863e+006, 0, -0.0202, 10.1667, 6.3504, -0.538825, -6.65084, 3.05836
400870, 3.3863e+006, -0, -0.05, 10.1667, 13.4392, -0.0508141, -0.705478, 6.14215
401050, 3.3863e+006, 0, -0.127, 10.1667, 12.7266, -1.65933, -1.0999, 5.72008
401250, 3.3863e+006, -0, -0.05, 10.1667, 10.8925, -3.23606, -0.289261, 4.82497
401470, 3.3863e+006, 0, -0.05, 10.1667, 9.92352, -1.8153, -0.301186, 4.44573
402120, 3.3863e+006, -0, -0.0302, 10.1667, 5.33797, -0.433129, -3.59597, 2.4979
403180, 3.3863e+006, 0, -0.03, 10.1667, 5.45518, -0.102319, -3.39586, 2.55911
404240, 3.3863e+006, -0, -0.03, 10.1667, 5.45465, -0.0783732, -2.68838, 2.54822
405300, 3.3863e+006, 0, -0.03, 10.1667, 5.45623, -0.0491623, -1.97739, 2.54253
406350, 3.3864e+006, -0, -0.0302, 10.1667, 5.45899, 0.461839, -0.775788, 2.53666
407380, 3.3865e+006, 0, -0.0302, 10.1667, 5.45971, 1.44746, -0.512711, 2.54078
408380, 3.3865e+006, -0, -0.0298, 10.1667, 5.45909, 2.0118, -1.26099, 2.54651
409320, 3.3866e+006, 0, -0.0203, 10.1667, 5.4531, 2.25419, -3.05616, 2.6535
410160, 3.3866e+006, -0, -0.02, 10.1667, 5.4569, 1.85018, -3.41944, 2.6457
410900, 3.3866e+006, 0, -0.02, 10.1667, 5.44783, 1.64714, -2.88755, 2.66879
411560, 3.3867e+006, -0, -0.0198, 10.1667, 5.4479, 1.80947, -3.4514, 2.70251
412170, 3.3867e+006, 0, -0.0198, 10.1667, 5.4746, 0.905763, -2.8743, 2.57117
399050, 3.3875e+006, -0, -0.0205, 10.1667, 5.35482, 0.361833, -6.27591, 2.60881
399730, 3.3875e+006, 0, -0.0203, 10.1667, 5.38232, 0.231613, -5.91272, 2.61835
400430, 3.3875e+006, -0, -0.0202, 10.1667, 5.77051, 0.333789, -6.49619, 2.82825
400870, 3.3875e+006, 0, -0.05, 10.1667, 12.1972, 0.44765, -0.734414, 5.61319
401050, 3.3875e+006, -0, -0.127, 10.1667, 12.0188, -1.07272, -1.40082, 5.47092
401230, 3.3875e+006, 0, -0.05, 10.1667, 11.3336, -2.65078, -0.190958, 5.08653
401410, 3.3875e+006, -0, -0.05, 10.1667, 10.1123, -1.64226, -0.591139, 4.52538
402020, 3.3875e+006, 0, -0.03, 10.1667, 5.34335, 0.00780327, -4.11073, 2.53397
403060, 3.3875e+006, -0, -0.0298, 10.1667, 5.37405, 0.442419, -4.34354, 2.58752
404140, 3.3875e+006, 0, -0.03, 10.1667, 5.37852, 0.540758, -3.28141, 2.55007
405220, 3.3875e+006, -0, -0.03, 10.1667, 5.38169, 0.550362, -2.51415, 2.53604
406280, 3.3876e+006, 0, -0.03, 10.1667, 5.3834, 0.790679, -1.9045, 2.53316
407340, 3.3876e+006, -0, -0.03, 10.1667, 5.38233, 1.42061, -1.78174, 2.53853
408390, 3.3877e+006, 0, -0.0297, 10.1667, 5.37874, 2.48107, -2.39973, 2.56763
409380, 3.3877e+006, -0, -0.02, 10.1667, 5.38113, 3.0459, -4.3476, 2.74185
410230, 3.3877e+006, 0, -0.0197, 10.1667, 5.37935, 2.49131, -3.43499, 2.64659
410940, 3.3877e+006, -0, -0.0103, 10.1667, 5.40359, 1.6521, -4.79337, 2.82276
411570, 3.3877e+006, 0, -0.0102, 10.1667, 5.41943, 1.33457, -5.16397, 3.0326
412150, 3.3877e+006, -0, -0.0102, 10.1667, 5.41538, 0.825127, -1.12561, 2.57905
399070, 3.3887e+006, 0, -0.04, 10.1667, 5.29727, -0.295202, -4.88075, 2.50643
399760, 3.3887e+006, -0, -0.0394, 10.1667, 5.34553, -0.329223, -4.48653, 2.52851
400450, 3.3886e+006, 0, -0.0209, 10.1667, 6.48329, -0.435647, -5.8158, 3.10833
400880, 3.3886e+006, -0, -0.05, 10.1667, 12.7131, -0.410648, -1.57781, 5.94313
401060, 3.3886e+006, 0, -0.1273, 10.1667, 11.8829, -1.11554, -1.7632, 5.45815
401220, 3.3886e+006, -0, -0.0511, 10.1667, 11.2844, -2.31177, -0.571605, 5.1398
401400, 3.3886e+006, 0, -0.05, 10.1667, 10.2663, -1.6104, -1.31429, 4.66723
401990, 3.3886e+006, -0, -0.03, 10.1667, 5.30418, 0.438775, -4.86218, 2.56502
403010, 3.3886e+006, 0, -0.0205, 10.1667, 5.29638, 0.807822, -5.40422, 2.68376
404110, 3.3886e+006, -0, -0.0297, 10.1667, 5.29894, 0.625205, -4.0298, 2.58281
405190, 3.3886e+006, 0, -0.03, 10.1667, 5.30793, 0.598776, -2.78743, 2.5308
406220, 3.3886e+006, -0, -0.03, 10.1667, 5.30968, 0.624385, -2.46689, 2.52341
407300, 3.3887e+006, 0, -0.0297, 10.1667, 5.30315, 1.32387, -3.05155, 2.55651
408410, 3.3888e+006, -0, -0.0202, 10.1667, 5.29856, 2.64558, -3.97006, 2.66305
409530, 3.3888e+006, 0, -0.0103, 10.1667, 5.32768, 3.54852, -6.61233, 2.99905
410400, 3.3889e+006, -0, -0.0102, 10.1667, 5.33845, 2.82083, -1.97393, 2.6578
411020, 3.3888e+006, 0, -0.01, 10.1667, 5.36114, -0.745206, -2.69411, 2.76259
411600, 3.3888e+006, -0, -0.0102, 10.1667, 5.52454, -1.7884, -10.096, 3.00469
399200, 3.3899e+006, 0, -0.0209, 10.1667, 5.20741, -0.707441, -4.46341, 2.50311
399860, 3.3898e+006, -0, -0.0303, 10.1667, 5.52867, -1.29739, -3.42151, 2.6222
400480, 3.3897e+006, 0, -0.0398, 10.1667, 7.15224, -0.990117, -5.31115, 3.28777
400880, 3.3896e+006, -0, -0.0603, 10.1667, 12.2495, -1.56762, -4.24651, 5.68898
401050, 3.3896e+006, 0, -0.1278, 10.1667, 11.1716, -2.94946, -3.46117, 5.21122
401210, 3.3896e+006, -0, -0.0608, 10.1667, 10.6485, -2.94241, -2.44307, 4.94914
401390, 3.3896e+006, 0, -0.0498, 10.1667, 9.81719, -1.59374, -3.60417, 4.52599
401970, 3.3896e+006, -0, -0.0302, 10.1667, 5.30279, 0.8009, -5.61865, 2.63047
403010, 3.3896e+006, 0, -0.0202, 10.1667, 5.22175, 1.00491, -5.77825, 2.69849
404120, 3.3895e+006, -0, -0.0203, 10.1667, 5.2157, 0.604491, -4.84569, 2.67867
405170, 3.3895e+006, 0, -0.0298, 10.1667, 5.23177, 0.380304, -2.81862, 2.52503
406170, 3.3896e+006, -0, -0.0298, 10.1667, 5.23372, 0.431928, -2.60961, 2.51889
407230, 3.3897e+006, 0, -0.0203, 10.1667, 5.22269, 0.638894, -3.98174, 2.64208
408370, 3.3898e+006, -0, -0.0197, 10.1667, 5.21827, -0.107668, -4.91457, 2.77399
409600, 3.3898e+006, 0, -0.0102, 10.1667, 5.24588, -0.269395, -9.13207, 2.98478
411580, 3.3899e+006, -0, -0.0197, 10.1667, 6.1829, -1.15056, -10.8351, 2.97744
412040, 3.3899e+006, 0, -0.02, 10.1667, 5.33504, -1.05898, -4.21585, 2.53827
399320, 3.3908e+006, -0, -0.0397, 10.1667, 5.1971, -0.899388, -2.07404, 2.47847
399990, 3.3906e+006, 0, -0.0398, 10.1667, 5.80853, -1.54552, -1.17523, 2.71758
400540, 3.3905e+006, -0, -0.0402, 10.1667, 9.47257, -2.07868, -4.53531, 4.54219
400870, 3.3905e+006, 0, -0.0513, 10.1667, 12.9807, -3.50832, -7.01191, 6.14407
401050, 3.3904e+006, -0, -0.1277, 10.1667, 11.9446, -4.19196, -6.52056, 5.73796
401210, 3.3904e+006, 0, -0.0609, 10.1667, 10.7721, -2.92357, -5.68088, 5.13428
401400, 3.3904e+006, -0, -0.0591, 10.1667, 10.8908, -0.613451, -5.78055, 5.16687
402000, 3.3904e+006, 0, -0.0302, 10.1667, 5.86799, 2.01035, -6.0685, 2.94938
403000, 3.3904e+006, -0, -0.0202, 10.1667, 5.17528, 1.63203, -5.29246, 2.72966
404100, 3.3904e+006, 0, -0.0202, 10.1667, 5.16056, 0.704623, -4.97476, 2.69159
405140, 3.3904e+006, -0, -0.0298, 10.1667, 5.15544, 0.276112, -2.76431, 2.52944
406110, 3.3904e+006, 0, -0.0297, 10.1667, 5.1494, 0.375592, -2.72881, 2.54492
407150, 3.3905e+006, -0, -0.02, 10.1667, 5.14951, 0.0476236, -3.93874, 2.66328
408280, 3.3906e+006, 0, -0.0103, 10.1667, 5.14858, -3.02526, -5.65422, 2.9911
409540, 3.3907e+006, -0, -0.0103, 10.1667, 5.18116, -7.13656, -9.24357, 2.83177
410490, 3.3907e+006, 0, -0.0298, 10.1667, 5.27306, -5.89693, -1.75714, 2.5143
411040, 3.3907e+006, -0, -0.0394, 10.1667, 5.74679, -2.18631, -1.77388, 2.72389
411550, 3.3907e+006, 0, -0.0116, 10.1667, 10.2479, 0.0793352, -7.96374, 4.97115
412020, 3.3908e+006, -0, -0.0198, 10.1667, 6.00808, 0.739426, -7.49091, 2.9854
400630, 3.391e+006, 0, -0.0402, 10.1667, 8.85102, 0.952343, -2.53846, 4.2875
400900, 3.391e+006, -0, -0.0511, 10.1667, 11.492, 0.0292204, -4.13454, 5.48398
401080, 3.391e+006, 0, -0.1275, 10.1667, 15.3126, -2.75846, -10.3617, 7.55699
401220, 3.391e+006, -0, -0.0513, 10.1667, 12.7755, -2.89052, -9.89231, 6.33638
401450, 3.391e+006, 0, -0.05, 10.1667, 10.8597, 0.295861, -6.52787, 5.22342
402060, 3.3911e+006, -0, -0.0206, 10.1667, 6.18376, 3.17195, -6.09828, 3.18568
403020, 3.3911e+006, 0, -0.0198, 10.1667, 5.28171, 2.17518, -5.07937, 2.86307
404090, 3.3912e+006, -0, -0.0202, 10.1667, 5.23661, 0.768994, -4.61779, 2.76708
405110, 3.3912e+006, 0, -0.0295, 10.1667, 5.09527, 0.604866, -2.9276, 2.57789
406060, 3.3912e+006, -0, -0.0202, 10.1667, 5.0689, 0.423499, -2.89034, 2.67512
407080, 3.3912e+006, 0, -0.0197, 10.1667, 5.07072, -1.31355, -3.24032, 2.71883
408190, 3.3913e+006, -0, -0.0102, 10.1667, 5.09871, -5.12709, -5.98333, 2.90823
409460, 3.3913e+006, 0, -0.0105, 10.1667, 5.1236, -6.73354, -6.52727, 2.81361
410450, 3.3914e+006, -0, -0.0298, 10.1667, 5.55035, -4.65136, -2.01359, 2.71582
411030, 3.3914e+006, 0, -0.0402, 10.1667, 7.877, -3.49251, -1.763, 3.73694
411550, 3.3914e+006, -0, -0.0583, 10.1667, 10.1354, -0.535862, -9.50281, 4.91072
412020, 3.3914e+006, 0, -0.0206, 10.1667, 8.40973, 0.607826, -3.38664, 3.93763
412530, 3.3914e+006, -0, -0.02, 10.1667, 5.15585, -0.0650102, -0.00356042, 2.00822
401090, 3.3917e+006, 0, -0.1287, 10.1667, 17.3305, -0.0129063, -13.2402, 8.63171
401230, 3.3917e+006, -0, -0.0516, 10.1667, 15.8422, -1.60166, -13.4029, 7.86497
401510, 3.3917e+006, 0, -0.0497, 10.1667, 11.0176, 0.189322, -6.43014, 5.3134
402130, 3.3918e+006, -0, -0.0298, 10.1667, 6.33258, 3.06886, -5.96416, 3.17849
403050, 3.3919e+006, 0, -0.0106, 10.1667, 6.09452, 2.56263, -4.9209, 3.25567
404090, 3.3919e+006, -0, -0.0198, 10.1667, 6.12484, 1.26631, -4.73783, 3.18503
405080, 3.392e+006, 0, -0.02, 10.1667, 5.21778, 1.44231, -3.44599, 2.76824
406020, 3.3919e+006, -0, -0.0103, 10.1667, 5.05651, 1.11715, -2.98569, 2.87494
407040, 3.3919e+006, 0, -0.0102, 10.1667, 5.02478, -1.92027, -2.05563, 2.85165
408150, 3.3919e+006, -0, -0.0102, 10.1667, 5.01713, -7.22705, -3.22698, 2.7944
409380, 3.392e+006, 0, -0.0198, 10.1667, 4.99382, -4.72858, -6.64529, 2.65967
411550, 3.3922e+006, -0, -0.06, 10.1667, 10.0215, 0.251108, -10.7283, 4.9046
401070, 3.3926e+006, 0, -0.1291, 10.1667, 18.8627, 3.48942, -14.731, 9.52101
401220, 3.3926e+006, -0, -0.0706, 10.1667, 19.1128, 1.93458, -15.4257, 9.62967
401580, 3.3926e+006, 0, -0.0595, 10.1667, 12.2515, 1.05047, -3.14035, 5.97769
402230, 3.3926e+006, -0, -0.0302, 10.1667, 7.07519, 3.1422, -4.93661, 3.45177
403090, 3.3927e+006, 0, -0.0113, 10.1667, 7.86499, 2.94207, -2.98973, 3.81863
404090, 3.3927e+006, -0, -0.0203, 10.1667, 8.72943, 2.33088, -4.80364, 4.31234
405060, 3.3927e+006, 0, -0.0198, 10.1667, 6.15835, 3.18763, -3.78293, 3.19511
406020, 3.3927e+006, -0, -0.0102, 10.1667, 5.20473, 2.91871, -3.15214, 2.89668
407030, 3.3926e+006, 0, -0.01, 10.1667, 5.01192, 1.23333, -1.96577, 2.69898
409250, 3.3926e+006, -0, -0.0298, 10.1667, 4.89834, 1.4231, -7.49659, 2.63533
411480, 3.3933e+006, 0, -0.06, 10.1667, 9.8511, 1.19402, -10.6997, 4.90541
400920, 3.3934e+006, -0, -0.1292, 10.1667, 19.3276, 5.66906, -14.2669, 9.79392
401090, 3.3935e+006, 0, -0.115, 10.1667, 19.3893, 0.737993, -14.9034, 9.82304
402350, 3.3936e+006, -0, -0.0305, 10.1667, 5.62451, 0.014005, -1.99289, 2.70016
403170, 3.3936e+006, 0, -0.0586, 10.1667, 9.89939, 0.603529, -2.37117, 4.98768
404120, 3.3936e+006, -0, -0.0494, 10.1667, 9.90096, 2.76531, -5.41409, 5.02436
405090, 3.3935e+006, 0, -0.0203, 10.1667, 8.58246, 5.35938, -2.11342, 4.26009
406040, 3.3935e+006, -0, -0.0102, 10.1667, 6.07462, 5.22803, -1.86164, 3.2651
407010, 3.3934e+006, 0, -0.01, 10.1667, 5.00887, 2.19361, -1.25947, 2.61799
409130, 3.3933e+006, -0, -0.03, 10.1667, 4.88916, 0.907052, -9.64808, 2.74613
411260, 3.3945e+006, 0, -0.06, 10.1667, 9.70958, 2.51886, -11.1515, 4.90756
399780, 3.3997e+006, -0, -0.01, 10.1667, 7.04911, -9.75419, 3.35164, 3.71285
400740, 3.3943e+006, 0, -0.1298, 10.1667, 18.9399, 3.94937, -15.5146, 9.79784
400890, 3.3944e+006, -0, -0.1195, 10.1667, 18.9142, -1.19484, -14.2944, 9.74358
403340, 3.3945e+006, 0, -0.06, 10.1667, 9.44417, -0.740035, -4.00404, 4.81856
404180, 3.3943e+006, -0, -0.0598, 10.1667, 9.23341, -0.380566, -6.77227, 4.63441
409200, 3.3943e+006, 0, -0.03, 10.1667, 5.24534, -1.17013, -13.0394, 2.94685
410860, 3.3958e+006, -0, -0.06, 10.1667, 9.56363, 3.22353, -11.7193, 4.91113
399170, 3.3997e+006, 0, -0.01, 10.1667, 4.93496, -11.1106, -1.35832, 2.90801
400680, 3.3954e+006, -0, -0.1298, 10.1667, 18.4149, 1.49048, -18.7866, 9.73215
400820, 3.3954e+006, 0, -0.1202, 10.1667, 18.6979, 0.296158, -15.4939, 9.76627
402560, 3.3959e+006, -0, -0.0406, 10.1667, 5.30035, 0.722076, -1.06997, 2.69164
403570, 3.3953e+006, 0, -0.0597, 10.1667, 8.65391, 0.173779, -4.43946, 4.47701
404270, 3.3951e+006, -0, -0.06, 10.1667, 7.69805, -1.15023, -7.99866, 3.65758
409480, 3.3953e+006, 0, -0.03, 10.1667, 7.00013, -5.32912, -14.9535, 3.72775
410150, 3.3969e+006, -0, -0.0698, 10.1667, 9.56374, 0.645654, -12.7179, 5.01135
410550, 3.3969e+006, 0, -0.0602, 10.1667, 9.40213, 2.4406, -9.66054, 4.92792
398590, 3.3996e+006, -0, -0.01, 10.1667, 4.74337, -8.46672, -4.26151, 2.84
400620, 3.3964e+006, 0, -0.1298, 10.1667, 17.2598, 1.41632, -20.8606, 9.33568
400770, 3.3965e+006, -0, -0.1202, 10.1667, 18.2953, 3.68158, -15.8318, 9.71917
402950, 3.3966e+006, 0, -0.0597, 10.1667, 9.39619, -0.570716, -1.29554, 4.97908
403810, 3.396e+006, -0, -0.06, 10.1667, 9.39619, -1.31432, -3.68042, 4.97302
409880, 3.3961e+006, 0, -0.03, 10.1667, 9.35204, -6.85271, -12.3322, 4.82455
410080, 3.3977e+006, -0, -0.0698, 10.1667, 9.1072, 3.2184, -16.5733, 4.90409
410450, 3.3977e+006, 0, -0.0602, 10.1667, 9.29745, 1.51592, -3.51431, 4.89765
398110, 3.3993e+006, -0, -0.01, 10.1667, 4.7097, -5.345, -4.58358, 2.74371
400500, 3.3974e+006, 0, -0.1298, 10.1667, 16.1547, 1.03905, -21.3905, 8.81765
400650, 3.3975e+006, -0, -0.1202, 10.1667, 17.0863, 4.78201, -17.5847, 9.33493
403330, 3.3972e+006, 0, -0.06, 10.1667, 9.19453, -0.678886, -1.40065, 4.89198
404090, 3.3967e+006, -0, -0.06, 10.1667, 9.07099, -2.03453, -4.47748, 4.82361
410050, 3.3987e+006, 0, -0.07, 10.1667, 9.06733, -0.747441, -18.1989, 4.92736
397960, 3.399e+006, -0, -0.01, 10.1667, 4.27969, -1.13372, 4.86241, 2.9208
400370, 3.3984e+006, 0, -0.1298, 10.1667, 14.4608, 2.08676, -20.75, 8.05486
400520, 3.3984e+006, -0, -0.12, 10.1667, 14.9529, 5.47187, -20.1315, 8.31587
410220, 3.3998e+006, 0, -0.07, 10.1667, 8.92913, -3.52723, -16.3651, 4.92283
402590, 3.4012e+006, -0, -0.05, 10.1667, 7.49935, -0.323828, -6.42897, 4.50726
402730, 3.4e+006, 0, -0.05, 10.1667, 8.67878, 2.0216, -10.8235, 4.85951
403010, 3.3986e+006, -0, -0.05, 10.1667, 9.02338, 4.19, -7.15464, 4.88745
403650, 3.3977e+006, 0, -0.05, 10.1667, 9.10208, 4.29247, -3.95526, 4.92147
404350, 3.3972e+006, -0, -0.0497, 10.1667, 8.21642, -0.463991, -5.79912, 4.36296
397960, 3.3985e+006, 0, -0.01, 10.1667, 2.99905, -1.06001, -5.13909, 4.80604
400110, 3.3992e+006, -0, -0.0119, 10.1667, 13.5328, -1.71335, 3.65266, 7.60256
400240, 3.3993e+006, 0, -0.1278, 10.1667, 13.3281, 0.185153, -19.3703, 7.6451
400410, 3.3993e+006, -0, -0.1103, 10.1667, 12.7914, 5.4813, -23.4175, 7.29472
410630, 3.401e+006, 0, -0.07, 10.1667, 8.69601, -7.28229, -16.6411, 4.92571
402920, 3.4032e+006, -0, -0.0103, 10.1667, 4.45674, -0.825948, -0.741913, 2.32804
403120, 3.4022e+006, 0, -0.03, 10.1667, 4.45709, -0.313703, -1.72258, 2.33323
403330, 3.4015e+006, -0, -0.0497, 10.1667, 7.88139, -5.20762, -2.90439, 4.24354
404640, 3.3978e+006, 0, -0.03, 10.1667, 4.4134, -1.91584, -3.32572, 2.40853
400180, 3.4001e+006, -0, -0.1295, 10.1667, 12.218, -0.162772, -18.4427, 7.25999
400350, 3.4001e+006, 0, -0.1003, 10.1667, 11.6755, 4.35271, -27.7494, 6.85753
411050, 3.4022e+006, -0, -0.0503, 10.1667, 8.81831, -5.4163, -3.25783, 4.98815
411290, 3.402e+006, 0, -0.0697, 10.1667, 8.22053, -19.723, -19.4028, 4.92471
404070, 3.4035e+006, -0, -0.0103, 10.1667, 4.423, -0.910876, -0.349151, 2.46421
404290, 3.4026e+006, 0, -0.03, 10.1667, 4.80491, -0.702431, -0.28304, 2.66889
404480, 3.4019e+006, -0, -0.0497, 10.1667, 8.85609, -7.53044, -3.10321, 4.92089
405020, 3.3985e+006, 0, -0.0103, 10.1667, 4.4121, -0.783426, -1.14941, 2.33606
399960, 3.4008e+006, -0, -0.1005, 10.1667, 4.76632, 0.385289, -6.68064, 6.6405
400200, 3.4008e+006, 0, -0.1277, 10.1667, 9.70958, 1.01535, -17.7582, 6.1266
400380, 3.4008e+006, -0, -0.085, 10.1667, 9.30247, -7.30236, -22.1427, 5.54829
411810, 3.4027e+006, 0, -0.07, 10.1667, 7.94668, -10.906, -34.9636, 4.92523
405410, 3.4026e+006, -0, -0.05, 10.1667, 8.51767, -10.3847, -8.86455, 4.90308
400420, 3.4017e+006, 0, -0.085, 10.1667, 9.40303, -3.90958, -18.9179, 5.57329
400600, 3.4016e+006, -0, -0.085, 10.1667, 9.1658, -9.24443, -15.795, 5.43407
411750, 3.4034e+006, 0, -0.07, 10.1667, 7.87877, 13.3936, -30.427, 4.9256
406020, 3.4035e+006, -0, -0.0497, 10.1667, 8.31468, -9.83036, -17.5873, 4.89659
400820, 3.4027e+006, 0, -0.06, 10.1667, 7.84342, -12.3411, -22.9036, 4.81533
400970, 3.4026e+006, -0, -0.06, 10.1667, 7.80628, -6.20974, -22.916, 4.69749
411130, 3.4042e+006, 0, -0.0503, 10.1667, 3.15087, 3.05385, -20.5821, 4.89258
411500, 3.4042e+006, -0, -0.0697, 10.1667, 7.40379, 5.49067, -24.6075, 4.91468
406590, 3.4044e+006, 0, -0.05, 10.1667, 8.093, -16.1822, -19.8784, 4.91259
401230, 3.4035e+006, -0, -0.06, 10.1667, 7.5832, -14.7914, -26.9733, 4.97008
401360, 3.4034e+006, 0, -0.06, 10.1667, 7.89458, -10.8003, -28.2172, 4.9712
411550, 3.4052e+006, -0, -0.0698, 10.1667, 8.15649, -3.88352, -22.255, 4.91679
407410, 3.4049e+006, 0, -0.0595, 10.1667, 8.05531, -25.3666, -10.2802, 4.91552
401660, 3.4043e+006, -0, -0.06, 10.1667, 6.82251, -14.7713, -30.8966, 4.8925
401790, 3.4042e+006, 0, -0.06, 10.1667, 7.5531, -20.8648, -31.3648, 4.91161
401870, 3.4042e+006, -0, -0.06, 10.1667, 7.94571, 6.4072, 8.47982, 4.91007
411800, 3.4061e+006, 0, -0.06, 10.1667, 7.75218, -7.39535, -26.3506, 4.90429
408620, 3.4049e+006, -0, -0.0598, 10.1667, 7.87776, -27.7241, 4.75521, 4.90801
402170, 3.4051e+006, 0, -0.06, 10.1667, 6.10945, -19.5664, -30.337, 4.93138
402300, 3.405e+006, -0, -0.06, 10.1667, 7.75318, -22.7264, -33.669, 4.92485
412010, 3.4071e+006, 0, -0.0502, 10.1667, 7.64272, -5.54881, -33.6807, 4.90533
409730, 3.4043e+006, -0, -0.0502, 10.1667, 7.41291, -22.0549, 19.6997, 4.90111
402770, 3.4059e+006, 0, -0.06, 10.1667, 5.46775, -21.2944, -23.5113, 4.92828
402900, 3.4058e+006, -0, -0.0598, 10.1667, 7.51729, -27.4214, -28.7588, 4.89618
411510, 3.4089e+006, 0, -0.05, 10.1667, 7.8311, -5.13925, -8.54227, 4.88373
411870, 3.4088e+006, -0, -0.05, 10.1667, 7.7349, -4.13864, 0.960119, 4.89747
412190, 3.4087e+006, 0, -0.05, 10.1667, 7.39228, -9.39666, -50.0793, 4.90884
410510, 3.4036e+006, -0, -0.05, 10.1667, 6.24395, -23.4837, 18.913, 4.90279
403670, 3.4062e+006, 0, -0.0502, 10.1667, 7.12915, -35.2181, -17.0011, 4.90875
412370, 3.4102e+006, -0, -0.05, 10.1667, 7.28504, -6.25265, -56.1149, 4.90404
411040, 3.4035e+006, 0, -0.05, 10.1667, 3.54228, -15.166, -20.1584, 4.85764
404500, 3.4065e+006, -0, -0.05, 10.1667, 7.05322, -31.7143, -22.3651, 4.91611
412560, 3.4115e+006, 0, -0.05, 10.1667, 7.27706, -5.32751, -44.9613, 4.90712
402270, 3.4046e+006, -0, -0.06, 10.1667, 8.15023, 16.9051, -2.01069, 4.92897
405040, 3.4072e+006, 0, -0.05, 10.1667, 6.7356, -12.517, -39.3921, 4.91744
412780, 3.4127e+006, -0, -0.05, 10.1667, 6.98466, -8.72037, -41.3608, 4.90655
402290, 3.4041e+006, 0, -0.06, 10.1667, 7.75772, 1.08821, 11.9648, 4.9194
405160, 3.4081e+006, -0, -0.0502, 10.1667, 6.49113, 1.80629, -42.2598, 4.92604
413350, 3.4138e+006, 0, -0.05, 10.1667, 6.89939, -22.8805, -36.589, 4.90733
401950, 3.403e+006, -0, -0.06, 10.1667, 7.25994, -1.98376, -7.31413, 4.90095
405150, 3.4088e+006, 0, -0.06, 10.1667, 6.63495, -13.492, -10.3663, 4.91533
405300, 3.4087e+006, -0, -0.0598, 10.1667, 6.45469, -35.911, -47.0126, 4.92019
414070, 3.4149e+006, 0, -0.05, 10.1667, 6.54751, -21.8015, -41.0683, 4.90676
402090, 3.4018e+006, -0, -0.06, 10.1667, 6.93977, 2.71836, -1.73042, 4.89475
405790, 3.4091e+006, 0, -0.06, 10.1667, 6.44984, -64.5507, -33.7314, 4.92445
414410, 3.4158e+006, -0, -0.05, 10.1667, 6.48218, -12.459, -49.8788, 4.90786
406620, 3.4095e+006, 0, -0.06, 10.1667, 6.3052, -62.5207, -28.3861, 4.92749
414560, 3.4168e+006, -0, -0.05, 10.1667, 6.34105, -1.20065, -53.1397, 4.9084
407730, 3.4099e+006, 0, -0.06, 10.1667, 6.15759, -65.599, -18.9202, 4.91995
414510, 3.4179e+006, -0, -0.05, 10.1667, 6.2076, 13.7274, -50.6644, 4.90895
408900, 3.4102e+006, 0, -0.06, 10.1667, 6.06739, -63.4667, -22.5748, 4.92194
414040, 3.4189e+006, -0, -0.05, 10.1667, 6.00248, 28.5973, -46.2788, 4.90939
409590, 3.4109e+006, 0, -0.06, 10.1667, 5.97608, -16.5852, -58.8712, 4.92037
413400, 3.4199e+006, -0, -0.05, 10.1667, 5.814, 30.4549, -52.4092, 4.90745
412990, 3.4217e+006, 0, -0.05, 10.1667, 5.61329, -0.539416, -31.2415, 4.91
409510, 3.4119e+006, -0, -0.06, 10.1667, 5.89906, 20.0704, -49.6053, 4.92194
412920, 3.4208e+006, 0, -0.05, 10.1667, 5.77283, 22.3252, -53.1234, 4.9061
413180, 3.421e+006, -0, -0.05, 10.1667, 6.1724, 3.28368, -14.6645, 4.89664
413330, 3.4222e+006, 0, -0.05, 10.1667, 5.61411, -24.4137, -25.1329, 4.90465
408840, 3.413e+006, -0, -0.06, 10.1667, 5.78449, 32.5921, -39.3323, 4.92147
412350, 3.4216e+006, 0, -0.05, 10.1667, 5.3642, 35.6596, -36.6724, 4.91005
413730, 3.4228e+006, -0, -0.05, 10.1667, 5.37509, -10.2275, -38.0702, 4.90816
407680, 3.4139e+006, 0, -0.06, 10.1667, 5.61005, 40.6218, -31.2086, 4.92169
411820, 3.4223e+006, -0, -0.05, 10.1667, 5.34669, 21.6036, -49.7489, 4.91032
413690, 3.4234e+006, 0, -0.05, 10.1667, 5.3763, 5.85001, -41.4132, 4.9138
406390, 3.4147e+006, -0, -0.06, 10.1667, 5.4148, 38.7925, -33.7901, 4.92096
411560, 3.4232e+006, 0, -0.05, 10.1667, 5.08903, 18.3337, -54.6071, 4.91089
413910, 3.4239e+006, -0, -0.05, 10.1667, 5.17089, -36.0123, -21.5658, 4.90938
403090, 3.4067e+006, 0, -0.08, 10.1667, 5.46501, -3.84318, -28.9441, 4.9413
405770, 3.4158e+006, -0, -0.06, 10.1667, 5.20852, 6.20935, -52.08, 4.92198
410940, 3.4241e+006, 0, -0.05, 10.1667, 4.90266, 47.8907, -37.8912, 4.91186
414750, 3.4239e+006, -0, -0.05, 10.1667, 5.08566, -43.4968, 2.36299, 4.90795
403020, 3.4074e+006, 0, -0.08, 10.1667, 5.89905, 2.97952, -33.1172, 4.92932
406010, 3.417e+006, -0, -0.06, 10.1667, 5.0077, -21.7898, -48.0034, 4.92368
410190, 3.4248e+006, 0, -0.05, 10.1667, 4.63223, 38.5136, -54.9021, 4.9126
415800, 3.424e+006, -0, -0.05, 10.1667, 4.76441, -43.2697, -18.9583, 4.90657
403180, 3.4081e+006, 0, -0.08, 10.1667, 6.27922, -20.7077, -30.9518, 4.92933
406660, 3.418e+006, -0, -0.06, 10.1667, 4.73852, -34.4126, -41.257, 4.923
409560, 3.4257e+006, 0, -0.05, 10.1667, 4.55516, 55.3077, -44.3886, 4.91311
416370, 3.4246e+006, -0, -0.05, 10.1667, 4.54321, -10.041, -48.4679, 4.9091
403870, 3.4085e+006, 0, -0.08, 10.1667, 6.62515, -35.3339, -4.08139, 4.92165
407540, 3.4188e+006, -0, -0.06, 10.1667, 4.50915, -46.6478, -38.5402, 4.92332
408590, 3.4262e+006, 0, -0.05, 10.1667, 4.28015, 71.0568, -17.3237, 4.91414
416090, 3.4254e+006, -0, -0.05, 10.1667, 4.43619, 29.3657, -39.8659, 4.91098
404640, 3.4085e+006, 0, -0.08, 10.1667, 7.00528, -30.9204, -11.5227, 4.91198
408150, 3.4197e+006, -0, -0.06, 10.1667, 4.2978, -18.1374, -73.0172, 4.92446
407980, 3.4265e+006, 0, -0.05, 10.1667, 4.03271, 4.96169, -74.8406, 4.91853
415420, 3.426e+006, -0, -0.05, 10.1667, 4.1699, 31.1983, -38.8679, 4.91096
408040, 3.4208e+006, 0, -0.06, 10.1667, 4.28337, 24.9358, -79.9777, 4.92482
408090, 3.4274e+006, -0, -0.05, 10.1667, 3.91879, -22.4129, -69.7922, 4.91772
415190, 3.4265e+006, 0, -0.05, 10.1667, 4.06471, -20.1559, -45.1951, 4.91197
408010, 3.4219e+006, -0, -0.06, 10.1667, 3.98169, -8.23259, -77.9583, 4.92372
408440, 3.4285e+006, 0, -0.05, 10.1667, 3.43621, -14.3506, -70.9973, 4.92283
415780, 3.4269e+006, -0, -0.05, 10.1667, 3.95553, -42.3787, -29.8292, 4.91036
407890, 3.4227e+006, 0, -0.06, 10.1667, 3.96928, 41.3145, -56.6655, 4.92333
408410, 3.4298e+006, -0, -0.05, 10.1667, 3.02355, 21.9823, -69.1878, 4.92459
416530, 3.4275e+006, 0, -0.05, 10.1667, 3.67142, -35.551, -49.2368, 4.91171
407210, 3.4235e+006, -0, -0.06, 10.1667, 3.66414, 41.6806, -52.4263, 4.91901
408100, 3.4308e+006, 0, -0.05, 10.1667, 2.18055, 13.0339, -72.5938, 4.92308
416680, 3.4283e+006, -0, -0.05, 10.1667, 3.67156, 17.4203, -69.3917, 4.90934
406700, 3.4245e+006, 0, -0.06, 10.1667, 3.51196, 27.2229, -65.1506, 4.90552
408470, 3.4312e+006, -0, -0.05, 10.1667, 2.13596, -50.0158, -54.5641, 4.92738
416000, 3.4288e+006, 0, -0.05, 10.1667, 3.45462, 69.9332, -27.4032, 4.90756
406240, 3.4255e+006, -0, -0.06, 10.1667, 3.23243, 42.5577, -63.5661, 4.86189
409100, 3.4318e+006, 0, -0.05, 10.1667, 1.28779, -8.45755, -70.6378, 4.93499
415050, 3.4291e+006, -0, -0.05, 10.1667, 3.38676, 54.6987, -40.1586, 4.91198
405450, 3.4265e+006, 0, -0.06, 10.1667, 3.1451, 43.8398, -65.2598, 4.82179
409100, 3.4325e+006, -0, -0.05, 10.1667, 1.02375, 54.216, -68.4229, 4.95619
409270, 3.4326e+006, 0, -0.05, 10.1667, 1.70926, 14.8432, -11.6912, 4.92959
414340, 3.4298e+006, -0, -0.05, 10.1667, 3.29188, 26.9591, -53.3038, 4.9133
404950, 3.4275e+006, 0, -0.06, 10.1667, 2.86767, 5.2182, -78.4336, 4.73378
408740, 3.4331e+006, -0, -0.05, 10.1667, 1.0254, 42.7409, -100.38, 4.98541
413980, 3.4308e+006, 0, -0.05, 10.1667, 3.27429, 6.9167, -57.8503, 4.91501
405000, 3.4284e+006, -0, -0.06, 10.1667, 2.65848, -46.7403, -58.6131, 4.64542
408790, 3.4338e+006, 0, -0.05, 10.1667, 0.841539, -52.7865, -95.7865, 5.03903
413810, 3.4318e+006, -0, -0.05, 10.1667, 3.45017, 18.5563, -59.4364, 4.91119
405430, 3.4286e+006, 0, -0.06, 10.1667, 2.53101, -72.732, -1.83047, 4.61046
409410, 3.4344e+006, -0, -0.05, 10.1667, 0.842765, -75.915, -63.2871, 5.12235
413270, 3.4324e+006, 0, -0.05, 10.1667, 3.64538, 58.9771, -27.5236, 4.90223
405800, 3.4292e+006, -0, -0.06, 10.1667, 2.3683, -17.3202, -74.204, 4.59171
409990, 3.435e+006, 0, -0.05, 10.1667, 0.706948, -39.729, -84.4809, 5.32456
412350, 3.4324e+006, -0, -0.05, 10.1667, 3.77394, 58.2243, 17.5325, 4.90247
405630, 3.4303e+006, 0, -0.06, 10.1667, 2.21826, 27.9641, -68.2024, 4.61758
410120, 3.436e+006, -0, -0.05, 10.1667, 0.674816, 13.5138, -91.8424, 5.67579
411420, 3.432e+006, 0, -0.05, 10.1667, 3.76383, 52.4813, 11.9109, 4.90436
404920, 3.431e+006, -0, -0.06, 10.1667, 2.08737, 64.1189, -30.5224, 4.66966
409580, 3.4369e+006, 0, -0.05, 10.1667, 0.472407, 71.0477, -50.0811, 6.25555
410620, 3.4319e+006, -0, -0.05, 10.1667, 3.34422, 44.7719, -10.6347, 4.91266
403690, 3.4312e+006, 0, -0.06, 10.1667, 1.94311, 77.3373, -13.5808, 4.65832
408660, 3.4374e+006, -0, -0.05, 10.1667, 0.287281, 68.1658, -36.0753, 7.20018
409890, 3.4321e+006, 0, -0.05, 10.1667, 2.74711, 34.4797, -18.2058, 4.92012
402770, 3.4318e+006, -0, -0.06, 10.1667, 1.86897, 28.9264, -88.3767, 4.95002
410710, 3.405e+006, 0, -0.06, 10.1667, 2.67303, 11.069, -17.4523, 4.91917
402910, 3.4325e+006, -0, -0.06, 10.1667, 1.67946, -81.5082, -29.8702, 4.92903
410250, 3.4058e+006, 0, -0.06, 10.1667, 3.19167, 5.15002, -19.7782, 4.90779
403870, 3.4324e+006, -0, -0.06, 10.1667, 1.64899, -74.5594, 23.582, 4.95479
399850, 3.4013e+006, 0, -0.0898, 10.1667, 3.57645, 3.05496, -10.4651, 6.43906
410320, 3.4067e+006, -0, -0.06, 10.1667, 4.62578, -7.74002, -18.2333, 4.9105
404350, 3.4326e+006, 0, -0.06, 10.1667, 1.31892, 3.12572, -92.4733, 4.97883
399690, 3.4018e+006, -0, -0.0802, 10.1667, 2.251, 1.10685, -6.44298, 4.81609
410860, 3.4076e+006, 0, -0.06, 10.1667, 6.52355, -10.8961, -15.6824, 4.90202
403800, 3.4335e+006, -0, -0.06, 10.1667, 1.32079, 50.5872, -73.1798, 4.99847
399670, 3.4024e+006, 0, -0.08, 10.1667, 2.22463, 0.146482, -4.0706, 4.91368
403660, 3.4342e+006, -0, -0.06, 10.1667, 0.978, -48.4724, -54.7681, 5.09848
399640, 3.4031e+006, 0, -0.08, 10.1667, 2.10262, 0.801376, -3.43101, 4.91749
404250, 3.435e+006, -0, -0.06, 10.1667, 0.899515, -31.2039, -64.852, 5.2415
399430, 3.4037e+006, 0, -0.08, 10.1667, 1.97899, 2.48916, -2.70498, 4.91944
404810, 3.4358e+006, -0, -0.06, 10.1667, 0.531215, -55.7, -44.3466, 5.71052
399110, 3.404e+006, 0, -0.08, 10.1667, 1.78057, 3.07817, -2.61194, 4.91856
405780, 3.4363e+006, -0, -0.06, 10.1667, 0.513017, -60.9526, -15.4694, 6.13222
398960, 3.4044e+006, 0, -0.0798, 10.1667, 1.66689, 0.553916, -4.22862, 4.91335
406880, 3.4367e+006, -0, -0.06, 10.1667, 0.148445, -55.635, -22.0172, 7.83502
398870, 3.4051e+006, 0, -0.0702, 10.1667, 1.52449, 1.37437, -3.77957, 4.88852
407660, 3.4372e+006, -0, -0.06, 10.1667, 0.0678894, -50.5788, -34.5976, 9.53615
398500, 3.4055e+006, 0, -0.07, 10.1667, 1.34461, 3.86721, -0.328958, 4.89555
407700, 3.4379e+006, -0, -0.06, 10.1667, 0.0397133, 50.8891, -80.1769, 9.75962
407910, 3.438e+006, 0, -0.06, 10.1667, 0.18208, 23.5185, -27.6842, 7.92752
397940, 3.4056e+006, -0, -0.0698, 10.1667, 1.23465, 3.44441, -2.00497, 4.90935
407100, 3.4389e+006, 0, -0.06, 10.1667, 0.0305239, 59.6722, -115.274, 9.89094
397410, 3.4061e+006, -0, -0.0602, 10.1667, 1.10773, 2.78457, -2.64216, 4.88599
407110, 3.4399e+006, 0, -0.06, 10.1667, 0.0162027, -50.6992, -108.357, 10.2098
396890, 3.4067e+006, -0, -0.0598, 10.1667, 0.878511, 2.33417, -1.64949, 4.72107
407930, 3.4411e+006, 0, -0.06, 10.1667, 0.00845634, -59.8697, -75.0897, 10.321
396430, 3.4068e+006, -0, -0.05, 10.1667, 0.581533, 2.65177, 0.931967, 4.39733
408920, 3.4424e+006, 0, -0.06, 10.1667, 0.000783678, -45.0439, -68.2994, 10.3563
395900, 3.4068e+006, -0, -0.04, 10.1667, 0.262717, 3.8338, -0.108616, 4.09485
409670, 3.4438e+006, 0, -0.06, 10.1667, 4.13283e-005, -28.1626, -74.7685, 10.3492
395170, 3.4067e+006, -0, -0.0302, 10.1667, 0.0307787, 3.92337, 0.810684, 9.70159
410210, 3.445e+006, 0, -0.06, 10.1667, 4.18881e-010, -33.1102, -72.6838, 10.3683
363566, 3.33327e+006, -0, -0.13, 10.3333, 33.407, 0.0112273, -2.89229, 9.66004
366123, 3.33333e+006, 0, -0.13, 10.3333, 33.4251, 0.0368419, -3.08691, 9.65436
368620, 3.3334e+006, -0, -0.13, 10.3333, 33.4567, -0.0312936, -2.85459, 9.63284
370820, 3.3334e+006, 0, -0.13, 10.3333, 33.4744, 0.0690798, -2.49886, 9.60871
372570, 3.3334e+006, -0, -0.13, 10.3333, 33.4663, 0.0501908, -2.34006, 9.61007
373980, 3.3334e+006, 0, -0.13, 10.3333, 33.434, -0.0636985, -2.28613, 9.63291
375370, 3.3335e+006, -0, -0.13, 10.3333, 33.4277, -0.0451869, -2.33068, 9.64192
376720, 3.3335e+006, 0, -0.13, 10.3333, 33.4285, -0.0318656, -2.30832, 9.64383
378030, 3.3336e+006, -0, -0.13, 10.3333, 33.4185, -0.0480772, -2.30676, 9.65214
379380, 3.3336e+006, 0, -0.13, 10.3333, 33.4234, -0.0394043, -2.29881, 9.649
380780, 3.3335e+006, -0, -0.13, 10.3333, 33.4152, -0.0245488, -2.28059, 9.65287
382220, 3.3334e+006, 0, -0.13, 10.3333, 33.4163, 0.00577147, -2.28, 9.64796
383640, 3.3333e+006, -0, -0.13, 10.3333, 33.4111, -0.0221619, -2.2978, 9.64514
385120, 3.3332e+006, 0, -0.13, 10.3333, 33.4376, 0.0180378, -2.33014, 9.62145
386560, 3.333e+006, -0, -0.13, 10.3333, 33.4449, 0.0525591, -2.38354, 9.60933
387840, 3.3329e+006, 0, -0.13, 10.3333, 33.4301, -0.010295, -2.42767, 9.61515
389040, 3.3328e+006, -0, -0.13, 10.3333, 33.4193, -0.0986046, -2.46509, 9.62066
390200, 3.3327e+006, 0, -0.13, 10.3333, 33.4132, -0.203544, -2.50527, 9.62373
391410, 3.3328e+006, -0, -0.13, 10.3333, 33.4273, -0.235406, -2.56232, 9.61501
392700, 3.3328e+006, 0, -0.13, 10.3333, 33.4549, -0.15263, -2.86337, 9.59883
393890, 3.3328e+006, -0, -0.13, 10.3333, 33.4782, -0.136533, -3.40164, 9.58973
394920, 3.3328e+006, 0, -0.13, 10.3333, 33.4246, -0.337598, -5.2642, 9.56846
395910, 3.3328e+006, -0, -0.13, 10.3333, 33.2491, -0.621557, -7.14328, 9.51794
396890, 3.3329e+006, 0, -0.13, 10.3333, 33.2748, -0.593399, -7.25341, 9.51981
397900, 3.333e+006, -0, -0.13, 10.3333, 32.9364, -0.634723, -7.99881, 9.40744
398640, 3.3332e+006, 0, -0.13, 10.3333, 33.0211, -0.779251, -7.97399, 9.4399
399590, 3.3333e+006, -0, -0.13, 10.3333, 33.0898, -0.220391, -7.7266, 9.44485
400970, 3.3333e+006, 0, -0.13, 10.3333, 32.0427, 0.0741339, -7.86931, 9.13062
402300, 3.3332e+006, -0, -0.13, 10.3333, 32.1709, 0.298213, -8.12121, 9.17665
403660, 3.3331e+006, 0, -0.13, 10.3333, 33.19, 0.0658462, -7.58159, 9.48478
405260, 3.333e+006, -0, -0.13, 10.3333, 33.4855, 0.00374593, -3.71509, 9.58819
407140, 3.333e+006, 0, -0.13, 10.3333, 33.4735, 0.036418, -2.60354, 9.58926
409160, 3.3329e+006, -0, -0.13, 10.3333, 33.4705, -0.0121858, -2.51403, 9.58925
411370, 3.333e+006, 0, -0.13, 10.3333, 33.4735, -0.141088, -2.7837, 9.58715
414106, 3.33308e+006, -0, -0.13, 10.3333, 33.1849, 0.0152354, -6.80948, 9.47407
417593, 3.3331e+006, 0, -0.13, 10.3333, 32.8695, 0.202454, -8.03475, 9.33809
363589, 3.33488e+006, -0, -0.13, 10.3333, 33.7034, -0.0409833, -5.76317, 9.8918
366144, 3.33489e+006, 0, -0.13, 10.3333, 33.6681, -0.0515257, -6.15494, 9.87463
368620, 3.3349e+006, -0, -0.13, 10.3333, 33.7039, -0.0630328, -5.74982, 9.88231
370820, 3.3349e+006, 0, -0.13, 10.3333, 33.7271, 0.141493, -5.1183, 9.87355
372570, 3.3349e+006, -0, -0.13, 10.3333, 33.7323, 0.103609, -4.8306, 9.86294
373980, 3.3349e+006, 0, -0.13, 10.3333, 33.7308, -0.131151, -4.70699, 9.8622
375370, 3.3349e+006, -0, -0.13, 10.3333, 33.7284, -0.0925151, -4.7718, 9.86451
376720, 3.335e+006, 0, -0.13, 10.3333, 33.7254, -0.0648937, -4.70086, 9.86719
378030, 3.335e+006, -0, -0.13, 10.3333, 33.7242, -0.0982605, -4.71456, 9.86554
379380, 3.335e+006, 0, -0.13, 10.3333, 33.7227, -0.0810468, -4.72819, 9.86269
380780, 3.335e+006, -0, -0.13, 10.3333, 33.7235, -0.05153, -4.78715, 9.85369
382220, 3.3349e+006, 0, -0.13, 10.3333, 33.7259, 0.0123131, -4.86426, 9.84038
383640, 3.3349e+006, -0, -0.13, 10.3333, 33.725, -0.0470291, -4.87609, 9.82745
385120, 3.3348e+006, 0, -0.13, 10.3333, 33.7285, 0.0373877, -4.82978, 9.81203
386560, 3.3348e+006, -0, -0.13, 10.3333, 33.7306, 0.106583, -4.83348, 9.79469
387840, 3.3347e+006, 0, -0.13, 10.3333, 33.7327, -0.0206376, -4.86656, 9.78291
389040, 3.3347e+006, -0, -0.13, 10.3333, 33.7339, -0.19678, -4.91946, 9.77397
390200, 3.3347e+006, 0, -0.13, 10.3333, 33.7324, -0.406371, -5.0017, 9.77098
391410, 3.3347e+006, -0, -0.13, 10.3333, 33.73, -0.468546, -5.09998, 9.77006
392700, 3.3347e+006, 0, -0.13, 10.3333, 33.7158, -0.301356, -5.6535, 9.76382
393890, 3.3347e+006, -0, -0.13, 10.3333, 33.6937, -0.268837, -6.69794, 9.75726
394920, 3.3347e+006, 0, -0.13, 10.3333, 33.1715, -0.670139, -10.4496, 9.58712
395910, 3.3347e+006, -0, -0.13, 10.3333, 32.3958, -1.24166, -14.2698, 9.34117
396890, 3.3347e+006, 0, -0.13, 10.3333, 32.396, -1.19212, -14.5719, 9.34389
397900, 3.3348e+006, -0, -0.13, 10.3333, 31.5041, -1.27734, -16.0971, 9.08261
398640, 3.3348e+006, 0, -0.13, 10.3333, 31.638, -1.55815, -15.9444, 9.12582
399590, 3.3349e+006, -0, -0.13, 10.3333, 31.9813, -0.440101, -15.4293, 9.22467
400970, 3.3349e+006, 0, -0.13, 10.3333, 30.4211, 0.146409, -15.5413, 8.78397
402300, 3.3349e+006, -0, -0.13, 10.3333, 30.2911, 0.589321, -16.0489, 8.76035
403660, 3.3348e+006, 0, -0.13, 10.3333, 32.1242, 0.131176, -15.1038, 9.25531
405260, 3.3348e+006, -0, -0.13, 10.3333, 33.6023, 0.00751426, -7.45239, 9.7178
407140, 3.3348e+006, 0, -0.13, 10.3333, 33.7145, 0.0742269, -5.30651, 9.74468
409160, 3.3348e+006, -0, -0.13, 10.3333, 33.7191, -0.0244032, -5.03459, 9.74455
411370, 3.3348e+006, 0, -0.13, 10.3333, 33.7177, -0.271113, -5.34912, 9.74463
414106, 3.33477e+006, -0, -0.13, 10.3333, 32.4039, 0.0689758, -13.647, 9.34176
417556, 3.33479e+006, 0, -0.13, 10.3333, 31.6162, 0.00422053, -15.6912, 9.09044
363650, 3.3365e+006, -0, -0.13, 10.3333, 32.9052, -0.660003, -9.72785, 9.40064
366180, 3.3365e+006, 0, -0.13, 10.3333, 32.3708, -0.523898, -10.8577, 9.25054
368620, 3.3364e+006, -0, -0.13, 10.3333, 32.8566, 0.183594, -10.2765, 9.38979
370820, 3.3364e+006, 0, -0.13, 10.3333, 33.3612, 1.10802, -7.7731, 9.56441
372570, 3.3364e+006, -0, -0.13, 10.3333, 33.4797, 1.75295, -6.53729, 9.6018
373980, 3.3364e+006, 0, -0.13, 10.3333, 33.5238, 1.87993, -5.79794, 9.61379
375370, 3.3364e+006, -0, -0.13, 10.3333, 33.5106, 2.11432, -6.05087, 9.60645
376720, 3.3364e+006, 0, -0.13, 10.3333, 33.5377, 2.31899, -5.3471, 9.61407
378030, 3.3364e+006, -0, -0.13, 10.3333, 33.5498, 2.08492, -4.65199, 9.61666
379380, 3.3364e+006, 0, -0.13, 10.3333, 33.5505, 1.46549, -4.58569, 9.61825
380780, 3.3364e+006, -0, -0.13, 10.3333, 33.5468, 0.691517, -4.69578, 9.61991
382220, 3.3364e+006, 0, -0.13, 10.3333, 33.5429, 0.0302119, -4.82821, 9.62069
383640, 3.3365e+006, -0, -0.13, 10.3333, 33.538, -0.688769, -4.88639, 9.62237
385120, 3.3365e+006, 0, -0.13, 10.3333, 33.5342, -1.42868, -4.90068, 9.62322
386560, 3.3366e+006, -0, -0.13, 10.3333, 33.53, -2.14796, -4.95101, 9.62362
387840, 3.3366e+006, 0, -0.13, 10.3333, 33.5257, -2.8482, -4.91753, 9.62463
389040, 3.3366e+006, -0, -0.13, 10.3333, 33.5119, -3.32649, -5.61133, 9.62483
390200, 3.3366e+006, 0, -0.13, 10.3333, 33.5174, -3.60373, -5.16643, 9.62837
391410, 3.3366e+006, -0, -0.13, 10.3333, 33.5198, -4.12872, -4.59563, 9.6257
392700, 3.3366e+006, 0, -0.1298, 10.3333, 33.3121, -4.56659, -7.72625, 9.5577
393890, 3.3366e+006, -0, -0.1298, 10.3333, 32.5098, -5.51572, -12.2343, 9.29761
394920, 3.3366e+006, 0, -0.1297, 10.3333, 29.7364, -6.10971, -14.4225, 8.49808
395910, 3.3366e+006, -0, -0.1295, 10.3333, 27.9417, -4.33562, -17.305, 8.00804
396890, 3.3366e+006, 0, -0.1292, 10.3333, 27.5012, -2.69395, -19.2138, 7.89369
397900, 3.3365e+006, -0, -0.1292, 10.3333, 25.9635, -1.0567, -19.4631, 7.41585
398640, 3.3365e+006, 0, -0.13, 10.3333, 26.3339, 1.26433, -18.1856, 7.56989
399590, 3.3365e+006, -0, -0.1291, 10.3333, 27.7188, 2.84211, -19.994, 7.89332
400970, 3.3365e+006, 0, -0.1291, 10.3333, 26.3836, 3.40873, -17.8338, 7.49461
402300, 3.3365e+006, -0, -0.1297, 10.3333, 25.0366, 5.7545, -16.8638, 7.15449
403660, 3.3365e+006, 0, -0.13, 10.3333, 27.5126, 7.37256, -16.61, 7.88288
405260, 3.3365e+006, -0, -0.13, 10.3333, 31.8971, 6.26308, -12.0061, 9.10097
407140, 3.3366e+006, 0, -0.13, 10.3333, 33.4124, 3.7582, -6.43208, 9.57327
409160, 3.3366e+006, -0, -0.13, 10.3333, 33.5125, 1.676, -4.70006, 9.6256
411370, 3.3365e+006, 0, -0.1298, 10.3333, 33.4812, -1.34151, -5.75726, 9.63423
414160, 3.3365e+006, -0, -0.1297, 10.3333, 28.6474, -2.43058, -15.4328, 8.17151
417550, 3.3365e+006, 0, -0.1297, 10.3333, 27.2786, -0.293371, -14.8186, 7.69788
363770, 3.3382e+006, -0, -0.13, 10.3333, 28.6545, -1.7331, -16.2153, 8.28008
366260, 3.3381e+006, 0, -0.13, 10.3333, 27.726, -1.19858, -17.2379, 8.0457
368650, 3.338e+006, -0, -0.13, 10.3333, 28.5193, 0.356707, -17.9179, 8.20544
370780, 3.338e+006, 0, -0.13, 10.3333, 30.726, 1.70974, -14.8712, 8.8598
372540, 3.338e+006, -0, -0.13, 10.3333, 31.9372, 2.43997, -12.7659, 9.19615
374030, 3.338e+006, 0, -0.13, 10.3333, 32.6161, 2.38607, -10.8054, 9.39181
375410, 3.3379e+006, -0, -0.13, 10.3333, 32.3504, 2.37515, -11.1522, 9.30464
376750, 3.3379e+006, 0, -0.13, 10.3333, 32.9386, 2.50344, -8.74023, 9.49195
378070, 3.3379e+006, -0, -0.13, 10.3333, 33.2051, 2.22873, -5.53295, 9.5804
379410, 3.3379e+006, 0, -0.13, 10.3333, 33.2285, 1.52389, -4.30551, 9.58748
380800, 3.338e+006, -0, -0.13, 10.3333, 33.2232, 0.626869, -4.27203, 9.59112
382220, 3.338e+006, 0, -0.13, 10.3333, 33.2182, -0.109635, -4.36593, 9.59584
383660, 3.3382e+006, -0, -0.13, 10.3333, 33.216, -0.7528, -4.37434, 9.59929
385110, 3.3383e+006, 0, -0.13, 10.3333, 33.2106, -1.33727, -4.63324, 9.60373
386540, 3.3384e+006, -0, -0.13, 10.3333, 33.2101, -1.77236, -4.47524, 9.60746
387900, 3.3385e+006, 0, -0.13, 10.3333, 33.204, -2.17975, -5.1231, 9.61057
389210, 3.3386e+006, -0, -0.13, 10.3333, 32.8618, -2.35252, -8.73099, 9.49904
390470, 3.3386e+006, 0, -0.13, 10.3333, 33.0508, -2.18705, -7.39737, 9.55665
391720, 3.3385e+006, -0, -0.1298, 10.3333, 33.1904, -2.60241, -5.84094, 9.61594
392940, 3.3385e+006, 0, -0.1202, 10.3333, 30.8121, -3.92536, -13.8435, 8.8386
394100, 3.3385e+006, -0, -0.1197, 10.3333, 27.7072, -6.32212, -20.4273, 7.94298
395180, 3.3384e+006, 0, -0.1098, 10.3333, 22.7379, -6.36509, -19.0787, 6.54503
396210, 3.3384e+006, -0, -0.0998, 10.3333, 19.0425, -2.86737, -21.2902, 5.52614
397200, 3.3384e+006, 0, -0.085, 10.3333, 16.5408, -0.739708, -23.2018, 4.84045
398190, 3.3383e+006, -0, -0.0814, 10.3333, 13.8815, -1.02595, -23.2101, 3.9895
398910, 3.3382e+006, 0, -0.1283, 10.3333, 16.9921, 3.17387, -20.106, 4.99631
399710, 3.3381e+006, -0, -0.0719, 10.3333, 18.4202, 3.54451, -25.41, 5.23785
400920, 3.338e+006, 0, -0.0714, 10.3333, 16.957, 2.85876, -17.6705, 4.68415
402200, 3.3381e+006, -0, -0.1097, 10.3333, 16.804, 4.10163, -15.8404, 4.67092
403620, 3.3382e+006, 0, -0.13, 10.3333, 21.1331, 7.23251, -15.721, 6.13364
405250, 3.3383e+006, -0, -0.13, 10.3333, 28.25, 6.75176, -16.4741, 8.17538
407120, 3.3384e+006, 0, -0.13, 10.3333, 32.1718, 3.31051, -10.7024, 9.2602
409190, 3.3384e+006, -0, -0.13, 10.3333, 33.1547, 1.72511, -4.73329, 9.59237
411510, 3.3383e+006, 0, -0.1205, 10.3333, 33.307, -1.34849, -6.8474, 9.58291
414280, 3.3382e+006, -0, -0.1103, 10.3333, 24.7478, -2.86359, -13.1608, 7.07446
417570, 3.3381e+006, 0, -0.1102, 10.3333, 24.7466, -0.506038, -12.0569, 7.07429
363910, 3.34e+006, -0, -0.1097, 10.3333, 21.608, -1.44384, -15.5168, 6.22629
366360, 3.3398e+006, 0, -0.11, 10.3333, 20.1067, 0.466845, -15.6642, 5.80758
368700, 3.3398e+006, -0, -0.1195, 10.3333, 19.2586, 2.2852, -18.4215, 5.45792
370800, 3.3398e+006, 0, -0.1202, 10.3333, 24.5532, 2.64429, -19.2119, 7.17599
372570, 3.3397e+006, -0, -0.1295, 10.3333, 27.2662, 2.75537, -18.2997, 7.94112
374080, 3.3397e+006, 0, -0.13, 10.3333, 28.6448, 2.22148, -17.1047, 8.3211
375450, 3.3396e+006, -0, -0.13, 10.3333, 28.5055, 2.47812, -14.9148, 8.29061
376760, 3.3396e+006, 0, -0.13, 10.3333, 30.1072, 3.13922, -13.5422, 8.73022
378060, 3.3396e+006, -0, -0.13, 10.3333, 32.3095, 2.33607, -9.16823, 9.35884
379380, 3.3397e+006, 0, -0.13, 10.3333, 32.884, 1.07575, -4.55193, 9.5582
380730, 3.3398e+006, -0, -0.13, 10.3333, 32.8956, 0.370867, -4.25362, 9.56884
382130, 3.3399e+006, 0, -0.13, 10.3333, 32.876, -0.134018, -4.47996, 9.56773
383560, 3.3401e+006, -0, -0.13, 10.3333, 32.8824, -0.574861, -4.26263, 9.57363
385020, 3.3403e+006, 0, -0.13, 10.3333, 32.8256, -0.853681, -4.94712, 9.55804
386490, 3.3405e+006, -0, -0.13, 10.3333, 32.8827, -0.94105, -4.21763, 9.58562
387950, 3.3406e+006, 0, -0.13, 10.3333, 32.5299, -1.22103, -8.35012, 9.44929
389380, 3.3406e+006, -0, -0.1297, 10.3333, 29.3055, 0.261802, -13.5011, 8.58106
390750, 3.3406e+006, 0, -0.1202, 10.3333, 30.4142, 2.57505, -12.2874, 8.79761
392050, 3.3405e+006, -0, -0.1195, 10.3333, 31.5947, -1.45016, -11.8226, 9.14697
393270, 3.3404e+006, 0, -0.1095, 10.3333, 26.129, -5.54662, -15.1563, 7.51476
394420, 3.3403e+006, -0, -0.0992, 10.3333, 20.6679, -5.67237, -18.2997, 5.97037
395500, 3.3402e+006, 0, -0.0798, 10.3333, 15.5188, -3.71547, -16.0445, 4.46906
396540, 3.3401e+006, -0, -0.0697, 10.3333, 11.8245, -0.898238, -17.3385, 3.62792
397580, 3.34e+006, 0, -0.0508, 10.3333, 8.642, 0.506378, -18.8308, 2.6111
398590, 3.3399e+006, -0, -0.0706, 10.3333, 9.00027, -0.620277, -22.7847, 2.75535
399260, 3.3397e+006, 0, -0.1281, 10.3333, 10.3222, 4.87535, -20.0152, 3.13289
399910, 3.3396e+006, -0, -0.0709, 10.3333, 14.4681, 4.36821, -24.5737, 4.36009
400860, 3.3396e+006, 0, -0.0605, 10.3333, 19.8293, 3.71015, -14.7244, 5.8671
402050, 3.3397e+006, -0, -0.0802, 10.3333, 16.9112, 4.1151, -10.487, 4.72233
403510, 3.3399e+006, 0, -0.1003, 10.3333, 16.5131, 7.32836, -12.1881, 4.72351
405160, 3.34e+006, -0, -0.1198, 10.3333, 23.9304, 6.82604, -14.836, 6.9807
407090, 3.3402e+006, 0, -0.13, 10.3333, 28.4871, 3.5891, -14.0844, 8.27336
409250, 3.3402e+006, -0, -0.13, 10.3333, 32.1105, 1.80288, -8.26115, 9.31682
411650, 3.3401e+006, 0, -0.1295, 10.3333, 33.0181, -0.643139, -8.35145, 9.5826
414420, 3.3399e+006, -0, -0.1006, 10.3333, 25.5144, -1.11611, -7.63737, 7.44438
417610, 3.3398e+006, 0, -0.1, 10.3333, 24.7462, 0.175295, -7.90489, 7.21871
364050, 3.3418e+006, -0, -0.0606, 10.3333, 16.0457, 0.667604, -9.39899, 4.62391
366450, 3.3417e+006, 0, -0.0702, 10.3333, 16.0431, 3.20224, -9.59514, 4.62399
368760, 3.3416e+006, -0, -0.08, 10.3333, 16.0404, 4.23839, -11.3915, 4.62411
370880, 3.3417e+006, 0, -0.0895, 10.3333, 16.1801, 4.83218, -13.5455, 4.75861
372650, 3.3416e+006, -0, -0.0902, 10.3333, 19.2225, 3.70656, -15.6092, 5.56755
374110, 3.3415e+006, 0, -0.0998, 10.3333, 21.1017, 1.94298, -16.4749, 6.17065
375420, 3.3415e+006, -0, -0.11, 10.3333, 21.625, 2.32309, -12.2843, 6.27671
376680, 3.3415e+006, 0, -0.1198, 10.3333, 24.4319, 4.1645, -13.5137, 7.17132
377930, 3.3415e+006, -0, -0.1297, 10.3333, 28.4411, 3.65519, -12.8772, 8.33222
379210, 3.3417e+006, 0, -0.1298, 10.3333, 30.3502, 1.59084, -9.69168, 8.86294
380540, 3.3419e+006, -0, -0.1298, 10.3333, 30.6503, 0.94943, -9.2516, 8.95445
381930, 3.3421e+006, 0, -0.1298, 10.3333, 30.5662, 1.16706, -9.43813, 8.93492
383370, 3.3423e+006, -0, -0.1297, 10.3333, 30.7049, 1.14237, -9.28633, 8.97746
384870, 3.3426e+006, 0, -0.1294, 10.3333, 30.1198, 1.92434, -9.56503, 8.79387
386420, 3.3428e+006, -0, -0.12, 10.3333, 31.144, 1.62947, -9.5563, 9.08898
388030, 3.3429e+006, 0, -0.1194, 10.3333, 27.3724, -1.69686, -15.2676, 7.94802
389630, 3.3429e+006, -0, -0.1098, 10.3333, 20.8519, 0.559851, -13.7926, 6.17869
391150, 3.3428e+006, 0, -0.0997, 10.3333, 24.1204, 5.36286, -10.6348, 7.06118
392540, 3.3425e+006, -0, -0.0894, 10.3333, 25.4628, 2.43451, -9.08112, 7.34622
393780, 3.3423e+006, 0, -0.0698, 10.3333, 22.0263, -1.31736, -12.3938, 6.30883
394900, 3.342e+006, -0, -0.0413, 10.3333, 15.0666, -1.01245, -14.5321, 4.31331
395950, 3.3418e+006, 0, -0.0311, 10.3333, 9.23925, -0.261846, -14.2739, 2.78141
396950, 3.3417e+006, -0, -0.0306, 10.3333, 7.97021, -1.23691, -14.1055, 2.28548
397970, 3.3415e+006, 0, -0.0308, 10.3333, 7.97132, -2.72247, -15.0995, 1.85533
398950, 3.3414e+006, -0, -0.0608, 10.3333, 10.0483, -1.81833, -18.8466, 3.05099
399600, 3.3412e+006, 0, -0.1281, 10.3333, 14.5965, 3.1204, -21.352, 4.4654
400120, 3.3412e+006, -0, -0.08, 10.3333, 17.159, 4.75784, -22.5323, 5.2389
400820, 3.3412e+006, 0, -0.0508, 10.3333, 20.1568, 4.66466, -16.2688, 5.87264
401880, 3.3413e+006, -0, -0.0603, 10.3333, 18.2295, 2.78568, -7.92271, 5.31546
403330, 3.3415e+006, 0, -0.0802, 10.3333, 16.5092, 3.71276, -8.2648, 4.72274
405000, 3.3418e+006, -0, -0.0998, 10.3333, 19.2861, 4.31853, -11.5954, 5.59966
407030, 3.3419e+006, 0, -0.11, 10.3333, 22.5448, 3.809, -11.365, 6.56356
409310, 3.342e+006, -0, -0.12, 10.3333, 28.2136, 3.30261, -12.3114, 8.26633
411780, 3.3419e+006, 0, -0.1289, 10.3333, 29.5483, 0.285057, -12.3351, 8.66261
414570, 3.3417e+006, -0, -0.1003, 10.3333, 25.4408, 0.0498374, -6.57106, 7.44852
417680, 3.3416e+006, 0, -0.0902, 10.3333, 24.4948, 0.761964, -5.35076, 7.18232
413930, 3.3459e+006, -0, -0.0103, 10.3333, 8.08607, 3.77042, -1.80815, 2.46822
415180, 3.346e+006, 0, -0.0198, 10.3333, 8.25956, 5.33867, -0.613315, 2.55169
416520, 3.3461e+006, -0, -0.0106, 10.3333, 8.37336, 2.8658, -1.33127, 2.573
418140, 3.3462e+006, 0, -0.0198, 10.3333, 8.40668, 1.03706, -1.36633, 2.5291
356820, 3.3443e+006, -0, -0.05, 10.3333, 30.9611, -1.29713, 0.199429, 11.2472
359360, 3.344e+006, 0, -0.05, 10.3333, 21.8672, -1.93886, 0.24465, 6.86534
361800, 3.3437e+006, -0, -0.0498, 10.3333, 17.6349, 0.370161, -2.39779, 5.19663
364180, 3.3435e+006, 0, -0.05, 10.3333, 16.452, 2.23477, -5.33705, 4.80446
366510, 3.3434e+006, -0, -0.05, 10.3333, 16.2128, 2.57451, -6.53258, 4.72486
368790, 3.3434e+006, 0, -0.05, 10.3333, 16.0331, 2.62135, -7.21309, 4.71503
370990, 3.3435e+006, -0, -0.05, 10.3333, 15.9491, 3.30354, -8.44879, 4.43525
372700, 3.3436e+006, 0, -0.0506, 10.3333, 15.9504, 2.51601, -5.92605, 4.43554
373980, 3.3436e+006, -0, -0.0608, 10.3333, 15.9521, 0.44183, -6.78763, 4.43652
375200, 3.3436e+006, 0, -0.0803, 10.3333, 16.0055, 2.30186, -4.78149, 4.49931
376330, 3.3436e+006, -0, -0.0905, 10.3333, 17.8563, 5.41426, -5.16645, 5.19754
377540, 3.3437e+006, 0, -0.1003, 10.3333, 21.6735, 3.90182, -6.63135, 6.35637
378790, 3.344e+006, -0, -0.1005, 10.3333, 23.1749, 2.47648, -6.99955, 6.80017
380100, 3.3443e+006, 0, -0.1005, 10.3333, 23.4735, 2.51115, -6.74019, 6.88291
381570, 3.3446e+006, -0, -0.1005, 10.3333, 23.5593, 3.41556, -6.70114, 6.90753
383100, 3.3449e+006, 0, -0.1003, 10.3333, 23.5623, 4.59998, -6.58861, 6.90837
384660, 3.3452e+006, -0, -0.0908, 10.3333, 23.5654, 6.09222, -6.39603, 6.90914
386340, 3.3454e+006, 0, -0.0903, 10.3333, 24.7965, 4.25782, -7.08127, 7.20748
388170, 3.3456e+006, -0, -0.0808, 10.3333, 17.2438, 0.773611, -9.54592, 5.03848
390050, 3.3455e+006, 0, -0.0802, 10.3333, 16.205, -0.304927, -5.74291, 4.62654
391830, 3.3451e+006, -0, -0.0605, 10.3333, 20.9051, 0.741304, -2.4783, 5.99124
393350, 3.3447e+006, 0, -0.0316, 10.3333, 17.7333, 2.50512, -4.54974, 4.91684
394580, 3.3442e+006, -0, -0.0308, 10.3333, 12.366, -0.0942776, -9.75508, 3.50606
395640, 3.3438e+006, 0, -0.0398, 10.3333, 8.55851, -2.90164, -12.6274, 2.64487
396590, 3.3434e+006, -0, -0.0395, 10.3333, 8.12852, -3.43651, -14.0714, 2.5127
397500, 3.3432e+006, 0, -0.0302, 10.3333, 8.17866, -4.2451, -15.1296, 2.8319
398390, 3.343e+006, -0, -0.0306, 10.3333, 8.29056, -3.50126, -17.609, 2.49894
399260, 3.3429e+006, 0, -0.0609, 10.3333, 15.399, -1.47847, -19.3311, 4.70114
399890, 3.3428e+006, -0, -0.128, 10.3333, 18.7073, 0.421852, -24.5355, 5.64163
400310, 3.3428e+006, 0, -0.0708, 10.3333, 18.8731, 1.89219, -24.1488, 5.62523
400810, 3.3428e+006, -0, -0.0505, 10.3333, 17.4216, 4.33122, -19.9125, 5.23422
401740, 3.3429e+006, 0, -0.0505, 10.3333, 17.9315, 1.84665, -4.11632, 5.17816
403090, 3.3431e+006, -0, -0.07, 10.3333, 16.3441, -0.488108, -2.93827, 4.77701
404740, 3.3434e+006, 0, -0.0803, 10.3333, 16.346, 3.37742, -4.62171, 4.77742
406970, 3.3437e+006, -0, -0.0903, 10.3333, 22.5293, 5.15272, -4.05045, 6.55033
409390, 3.3438e+006, 0, -0.1002, 10.3333, 23.3362, 3.78919, -6.64424, 6.82226
411890, 3.3437e+006, -0, -0.1005, 10.3333, 23.3403, 2.68288, -7.71958, 6.82685
414720, 3.3436e+006, 0, -0.0997, 10.3333, 24.1467, 3.06724, -3.6982, 7.11484
417760, 3.3434e+006, -0, -0.085, 10.3333, 24.2723, 1.74294, -2.44791, 7.16673
413810, 3.3465e+006, 0, -0.02, 10.3333, 8.08599, 2.91246, -4.63102, 2.59897
415140, 3.3467e+006, -0, -0.0297, 10.3333, 8.13859, 2.78343, -0.65824, 2.56646
416530, 3.3469e+006, 0, -0.0295, 10.3333, 8.23518, -1.00048, -1.39538, 2.57689
418120, 3.347e+006, -0, -0.02, 10.3333, 8.26944, -3.89141, -3.39555, 2.55304
419790, 3.3473e+006, 0, -0.0103, 10.3333, 8.32137, -1.99291, -2.6198, 2.37019
421410, 3.3474e+006, -0, -0.0103, 10.3333, 8.37839, 1.22163, -1.43264, 2.55548
423010, 3.3474e+006, 0, -0.0197, 10.3333, 8.42564, -1.81968, -0.376805, 2.5252
424650, 3.3475e+006, -0, -0.0102, 10.3333, 8.47235, 0, 0, 2.41947
357080, 3.346e+006, 0, -0.05, 10.3333, 30.968, -1.08698, 0.155216, 11.2503
359580, 3.3457e+006, -0, -0.05, 10.3333, 22.5829, -1.70653, 0.206815, 7.15673
361970, 3.3455e+006, 0, -0.0502, 10.3333, 17.9053, -0.36221, -5.14522, 5.36437
364290, 3.3453e+006, -0, -0.0594, 10.3333, 16.2327, 1.44319, -4.49823, 4.81364
366570, 3.3452e+006, 0, -0.0502, 10.3333, 16.0021, 1.45788, -6.21426, 4.71072
368800, 3.3451e+006, -0, -0.0498, 10.3333, 15.9824, -0.0159745, -7.32238, 4.70231
371050, 3.345e+006, 0, -0.05, 10.3333, 15.948, -0.877684, -9.37848, 4.79106
394110, 3.3464e+006, -0, -0.0397, 10.3333, 8.57183, 0, 0, 2.34509
395350, 3.3457e+006, 0, -0.0303, 10.3333, 8.07637, -2.72896, -2.48777, 2.41644
396370, 3.3452e+006, -0, -0.0395, 10.3333, 8.0813, -8.90093, -11.8736, 2.65475
397220, 3.3448e+006, 0, -0.0303, 10.3333, 9.48747, -7.4001, -14.6419, 2.9816
397990, 3.3445e+006, -0, -0.0302, 10.3333, 8.43202, -6.82779, -15.8076, 2.63544
398730, 3.3443e+006, 0, -0.0403, 10.3333, 10.2845, -3.46331, -20.519, 3.10162
399450, 3.3441e+006, -0, -0.0798, 10.3333, 16.5467, -2.07317, -27.1684, 4.8789
400010, 3.3441e+006, 0, -0.1283, 10.3333, 16.4243, -4.99612, -27.5933, 4.8253
400410, 3.344e+006, -0, -0.0711, 10.3333, 13.9309, -4.89118, -25.157, 4.28017
400830, 3.344e+006, 0, -0.0605, 10.3333, 13.9242, -1.99187, -19.6314, 4.27816
412210, 3.347e+006, -0, -0.0103, 10.3333, 8.23407, 1.03569, -1.49509, 2.46566
413670, 3.3472e+006, 0, -0.02, 10.3333, 8.07715, 2.67097, -5.08861, 2.57833
415070, 3.3475e+006, -0, -0.0298, 10.3333, 8.10318, 1.0176, 0.305158, 2.57891
416500, 3.3476e+006, 0, -0.0298, 10.3333, 8.14929, 0.0537187, 0.062953, 2.557
418060, 3.3478e+006, -0, -0.0203, 10.3333, 8.16191, -0.936864, -2.89661, 2.53413
419700, 3.3479e+006, 0, -0.0198, 10.3333, 8.08636, -1.40518, -4.34842, 2.48626
421370, 3.3479e+006, -0, -0.0198, 10.3333, 8.13808, -1.4181, -2.47634, 2.53173
423020, 3.348e+006, 0, -0.0198, 10.3333, 8.23786, -1.46296, -0.464654, 2.55843
424670, 3.348e+006, -0, -0.0103, 10.3333, 8.19464, -0.551901, -4.41221, 2.3923
357330, 3.3478e+006, 0, -0.05, 10.3333, 30.9779, -0.78323, 0.10523, 11.2561
359800, 3.3475e+006, -0, -0.05, 10.3333, 23.2204, -1.38766, 0.166342, 7.42999
362140, 3.3472e+006, 0, -0.0502, 10.3333, 18.2308, -0.899789, -5.16749, 5.53255
364420, 3.347e+006, -0, -0.0597, 10.3333, 16.1219, 0.757629, -4.91493, 4.81257
366660, 3.3468e+006, 0, -0.0598, 10.3333, 15.8925, 0.838258, -5.32896, 4.74607
368870, 3.3467e+006, -0, -0.0597, 10.3333, 15.8632, -1.57761, -5.95103, 4.74061
371160, 3.3464e+006, 0, -0.05, 10.3333, 15.6819, -6.90119, -7.40539, 4.63701
373800, 3.3462e+006, -0, -0.0497, 10.3333, 14.2071, -9.23437, -1.74077, 4.24983
376520, 3.3465e+006, 0, -0.0305, 10.3333, 7.9096, -8.24212, -3.46013, 2.40743
378900, 3.3469e+006, -0, -0.0302, 10.3333, 8.09076, -7.93757, -2.29613, 2.53959
380950, 3.3473e+006, 0, -0.03, 10.3333, 8.02866, -8.46595, -3.93552, 2.50505
382690, 3.3477e+006, -0, -0.03, 10.3333, 8.04292, -7.89939, -3.24667, 2.49455
384320, 3.348e+006, 0, -0.03, 10.3333, 8.05282, -7.30165, -2.79706, 2.51329
385950, 3.3482e+006, -0, -0.03, 10.3333, 8.05739, -6.5061, -2.87505, 2.52408
387500, 3.3484e+006, 0, -0.0298, 10.3333, 8.06567, -5.49278, -2.74861, 2.52766
389180, 3.3485e+006, -0, -0.0202, 10.3333, 8.09025, -1.51606, -3.73677, 2.51082
390580, 3.3485e+006, 0, -0.0202, 10.3333, 8.09042, 1.68321, -2.30498, 2.53287
391530, 3.3485e+006, -0, -0.0297, 10.3333, 8.12065, 0.979787, -1.04165, 2.52889
396880, 3.3464e+006, 0, -0.0302, 10.3333, 8.2377, -7.57311, -16.6715, 2.77406
397690, 3.3461e+006, -0, -0.0302, 10.3333, 10.9723, -6.8101, -17.6815, 3.41396
398410, 3.3458e+006, 0, -0.0303, 10.3333, 9.65231, -4.85264, -17.0034, 2.92625
399050, 3.3456e+006, -0, -0.0408, 10.3333, 13.6092, -4.65173, -19.1582, 4.03512
399620, 3.3454e+006, 0, -0.08, 10.3333, 15.6863, -7.47535, -26.2764, 4.72497
400060, 3.3454e+006, -0, -0.1286, 10.3333, 14.7644, -11.012, -20.2843, 4.41556
400400, 3.3453e+006, 0, -0.08, 10.3333, 14.4631, -12.0302, -18.1537, 4.39254
400770, 3.3453e+006, -0, -0.08, 10.3333, 13.8129, -14.6509, -13.6691, 4.28069
401300, 3.3454e+006, 0, -0.08, 10.3333, 12.1108, -15.9139, -7.58442, 3.6954
402010, 3.3455e+006, -0, -0.0698, 10.3333, 9.76729, -14.8509, -7.97138, 3.15436
402900, 3.3456e+006, 0, -0.05, 10.3333, 7.76527, -13.4204, -6.41926, 2.53384
403970, 3.3457e+006, -0, -0.0303, 10.3333, 7.79016, -13.3917, -5.67589, 2.228
405270, 3.3458e+006, 0, -0.0203, 10.3333, 8.12632, -12.1633, -5.22257, 2.74109
406710, 3.3462e+006, -0, -0.0198, 10.3333, 8.12353, -8.51287, -6.90136, 2.54968
408120, 3.3467e+006, 0, -0.0103, 10.3333, 8.26465, 0, 0, 2.50333
410720, 3.3476e+006, -0, -0.0103, 10.3333, 7.97045, 0, 0, 2.51184
412070, 3.3478e+006, 0, -0.0198, 10.3333, 8.00625, 1.03785, -2.36321, 2.60572
413530, 3.348e+006, -0, -0.0203, 10.3333, 7.9458, -0.396792, -4.8018, 2.48622
414980, 3.3482e+006, 0, -0.0298, 10.3333, 8.04221, -1.33251, 0.283608, 2.57219
416450, 3.3484e+006, -0, -0.03, 10.3333, 8.05588, -0.0633816, -0.16643, 2.55707
418010, 3.3485e+006, 0, -0.0297, 10.3333, 8.03971, 0.0783567, -2.33507, 2.53452
419650, 3.3486e+006, -0, -0.0203, 10.3333, 8.03859, -0.737851, -3.78985, 2.47786
421330, 3.3486e+006, 0, -0.0202, 10.3333, 8.08618, -1.53068, -1.66313, 2.53849
423020, 3.3486e+006, -0, -0.0202, 10.3333, 8.1573, -3.28285, 0.0476385, 2.58743
424640, 3.3487e+006, 0, -0.0198, 10.3333, 8.05942, -4.16767, -3.77786, 2.53389
425830, 3.3487e+006, -0, -0.02, 10.3333, 8.13787, -2.10048, -2.7946, 2.43005
429500, 3.3488e+006, 0, -0.01, 10.3333, 7.9826, 0.47715, -2.13927, 2.19064
430110, 3.3488e+006, -0, -0.01, 10.3333, 8.29005, 0.468012, -1.10195, 2.33284
357590, 3.3496e+006, 0, -0.05, 10.3333, 30.9879, -0.496577, 0.0706207, 11.2632
360020, 3.3493e+006, -0, -0.05, 10.3333, 23.9427, -0.727183, 0.0924061, 7.72838
362330, 3.349e+006, 0, -0.05, 10.3333, 18.7114, -0.670013, -4.85419, 5.74761
364580, 3.3488e+006, -0, -0.0502, 10.3333, 16.13, 0.283108, -5.03987, 4.81877
366800, 3.3486e+006, 0, -0.0597, 10.3333, 15.7826, 0.528701, -3.92175, 4.73634
369030, 3.3484e+006, -0, -0.0597, 10.3333, 15.7609, -1.2543, -4.29431, 4.73141
371370, 3.3481e+006, 0, -0.0502, 10.3333, 15.7305, -4.56396, -5.44728, 4.68372
373940, 3.348e+006, -0, -0.0498, 10.3333, 14.8289, -6.39051, -3.21656, 4.44062
376490, 3.3483e+006, 0, -0.04, 10.3333, 7.90815, -6.81279, -6.20349, 2.53247
378730, 3.3487e+006, -0, -0.0397, 10.3333, 7.89128, -7.45357, -3.68944, 2.54325
380670, 3.3491e+006, 0, -0.0302, 10.3333, 7.89605, -7.06363, -6.70684, 2.52456
382380, 3.3494e+006, -0, -0.03, 10.3333, 7.90029, -6.62493, -5.41057, 2.50654
383990, 3.3496e+006, 0, -0.03, 10.3333, 7.91462, -5.07257, -3.70951, 2.53186
385540, 3.3497e+006, -0, -0.03, 10.3333, 7.93825, -3.31798, -2.50811, 2.55273
387090, 3.3498e+006, 0, -0.0297, 10.3333, 7.91768, -0.22839, -3.83208, 2.52666
388950, 3.3496e+006, -0, -0.0203, 10.3333, 7.97076, 0.534428, -5.24821, 2.53883
390540, 3.3495e+006, 0, -0.02, 10.3333, 7.98026, -0.253889, -4.882, 2.54625
391540, 3.3495e+006, -0, -0.0202, 10.3333, 8.13493, -0.0876208, -2.11922, 2.52686
394590, 3.3489e+006, 0, -0.0203, 10.3333, 7.88077, 1.68141, -5.69079, 2.50552
395520, 3.3485e+006, -0, -0.0203, 10.3333, 7.96072, 7.67486, -6.9429, 2.82495
396450, 3.3481e+006, 0, -0.0205, 10.3333, 7.73441, 10.2426, -8.48492, 2.26387
397340, 3.3478e+006, -0, -0.0303, 10.3333, 7.67414, 4.82264, -18.7311, 2.36815
398170, 3.3475e+006, 0, -0.0398, 10.3333, 10.9134, 1.59004, -18.3992, 3.50898
398890, 3.3473e+006, -0, -0.0405, 10.3333, 12.118, 1.44224, -16.7853, 3.68006
399420, 3.3472e+006, 0, -0.0597, 10.3333, 14.1349, 2.37921, -18.207, 4.18859
399810, 3.3471e+006, -0, -0.0711, 10.3333, 14.9721, 1.28186, -16.3484, 4.41215
400120, 3.3471e+006, 0, -0.1281, 10.3333, 17.1513, -3.50619, -10.6042, 5.1147
400400, 3.3471e+006, -0, -0.0711, 10.3333, 14.7844, -5.65463, -12.0188, 4.41341
400740, 3.347e+006, 0, -0.0606, 10.3333, 14.9038, -6.17545, -9.05218, 4.51673
401240, 3.347e+006, -0, -0.0603, 10.3333, 15.0723, -7.2545, -11.0541, 4.58298
401910, 3.347e+006, 0, -0.0598, 10.3333, 12.1164, -8.87774, -12.5268, 3.84472
402760, 3.347e+006, -0, -0.0498, 10.3333, 8.26492, -9.82124, -11.1338, 2.84501
403810, 3.3471e+006, 0, -0.0398, 10.3333, 7.74338, -10.0906, -10.6376, 2.35265
405040, 3.3472e+006, -0, -0.03, 10.3333, 7.85028, -9.20844, -9.46494, 2.61258
406390, 3.3474e+006, 0, -0.0205, 10.3333, 7.91289, -7.31348, -9.62247, 2.57346
407830, 3.3478e+006, -0, -0.02, 10.3333, 7.92898, -7.30638, -10.1205, 2.59105
409240, 3.3482e+006, 0, -0.0106, 10.3333, 8.13703, -8.20262, -4.89429, 2.52433
410570, 3.3484e+006, -0, -0.0198, 10.3333, 7.85657, -3.90806, -6.07799, 2.56322
411950, 3.3486e+006, 0, -0.0297, 10.3333, 7.91512, -2.7632, -1.87561, 2.53835
413410, 3.3488e+006, -0, -0.0298, 10.3333, 7.90833, -3.4232, -3.8122, 2.52209
414890, 3.349e+006, 0, -0.03, 10.3333, 7.96742, -3.01209, -0.645226, 2.56853
416400, 3.3492e+006, -0, -0.03, 10.3333, 7.96786, -0.867193, -0.729436, 2.55141
417980, 3.3493e+006, 0, -0.03, 10.3333, 7.94973, -0.567836, -1.83742, 2.53443
419620, 3.3493e+006, -0, -0.0298, 10.3333, 7.94192, -2.48461, -2.89216, 2.52968
421310, 3.3493e+006, 0, -0.0298, 10.3333, 7.98911, -4.44887, -1.23193, 2.57807
422990, 3.3493e+006, -0, -0.0297, 10.3333, 8.04098, -4.85685, -0.0343687, 2.60281
424550, 3.3494e+006, 0, -0.0203, 10.3333, 7.96403, -4.6371, -3.34851, 2.56252
425770, 3.3495e+006, -0, -0.02, 10.3333, 7.90543, -3.67277, -5.31534, 2.52108
426730, 3.3495e+006, 0, -0.02, 10.3333, 8.09071, -1.47163, -2.08333, 2.43367
429490, 3.3495e+006, -0, -0.0102, 10.3333, 7.6217, 1.20342, -4.91617, 2.48964
430100, 3.3495e+006, 0, -0.0102, 10.3333, 8.19308, 1.37885, -1.13679, 2.49784
443700, 3.3519e+006, -0, -0.0203, 10.3333, 8.01885, -1.09278, -1.1334, 2.4789
444710, 3.3522e+006, 0, -0.03, 10.3333, 7.9654, -2.72048, -0.952628, 2.53276
445470, 3.3528e+006, -0, -0.0397, 10.3333, 7.90691, -1.31823, -0.749712, 2.41019
446390, 3.353e+006, 0, -0.0302, 10.3333, 7.90996, 0.235972, -0.0272158, 2.41024
447520, 3.3528e+006, -0, -0.03, 10.3333, 8.9906, -1.62171, 0.122251, 2.73854
448550, 3.3532e+006, 0, -0.03, 10.3333, 11.6401, -2.70542, -1.39133, 4.33787
449650, 3.3537e+006, -0, -0.03, 10.3333, 14.3234, -1.39741, -0.234151, 8.75404
357900, 3.3515e+006, 0, -0.05, 10.3333, 30.9966, -0.196562, 0.0334992, 11.2713
360280, 3.3511e+006, -0, -0.05, 10.3333, 24.5738, -0.305641, 0.0442884, 7.99174
362540, 3.3508e+006, 0, -0.0498, 10.3333, 19.1135, -0.446396, -4.60631, 5.9291
364750, 3.3506e+006, -0, -0.05, 10.3333, 16.1135, 0.320229, -4.6202, 4.86737
366950, 3.3503e+006, 0, -0.05, 10.3333, 15.6771, 0.584186, -3.63334, 4.70415
369200, 3.3502e+006, -0, -0.0502, 10.3333, 15.6531, -0.421079, -3.85724, 4.692
371540, 3.35e+006, 0, -0.05, 10.3333, 15.6442, -2.52062, -3.72179, 4.69024
374000, 3.35e+006, -0, -0.0498, 10.3333, 15.3347, -4.55655, -2.51973, 4.58026
376380, 3.3502e+006, 0, -0.0402, 10.3333, 8.35319, -5.30679, -5.48749, 2.67259
378530, 3.3505e+006, -0, -0.0397, 10.3333, 7.83428, -4.56651, -4.14878, 2.50682
380430, 3.3507e+006, 0, -0.0302, 10.3333, 7.8343, -4.28409, -6.98964, 2.51979
382160, 3.3509e+006, -0, -0.0298, 10.3333, 7.81389, -4.78102, -7.44556, 2.55541
383790, 3.3511e+006, 0, -0.0298, 10.3333, 7.81689, -2.99166, -5.2493, 2.5535
385380, 3.3511e+006, -0, -0.0297, 10.3333, 7.85786, -0.254061, -2.75869, 2.53202
387000, 3.3511e+006, 0, -0.0205, 10.3333, 7.8751, 2.03663, -5.44312, 2.56772
388880, 3.3508e+006, -0, -0.0294, 10.3333, 7.87756, 2.84514, -3.54526, 2.57425
390500, 3.3506e+006, 0, -0.0202, 10.3333, 7.84771, 3.97229, -5.64588, 2.54967
391610, 3.3506e+006, -0, -0.02, 10.3333, 7.99088, 7.50273, -4.35337, 2.49984
392710, 3.3506e+006, 0, -0.0203, 10.3333, 7.98746, 10.996, -4.51189, 2.51074
393820, 3.3503e+006, -0, -0.03, 10.3333, 7.95199, 11.6883, -5.84745, 2.6546
394860, 3.3501e+006, 0, -0.0395, 10.3333, 7.88444, 8.78202, -10.0401, 2.67878
395850, 3.3498e+006, -0, -0.0397, 10.3333, 7.85094, 7.25415, -9.48149, 2.87354
396790, 3.3495e+006, 0, -0.0398, 10.3333, 7.6405, 6.71037, -10.9679, 2.2089
397690, 3.3493e+006, -0, -0.0495, 10.3333, 8.31827, 5.87213, -13.8717, 2.82575
398520, 3.3491e+006, 0, -0.05, 10.3333, 12.5643, 4.83468, -16.7964, 3.95116
399270, 3.349e+006, -0, -0.0597, 10.3333, 15.9722, 3.64185, -17.655, 4.8246
399740, 3.3489e+006, 0, -0.0698, 10.3333, 18.0828, 1.43133, -16.0619, 5.38886
399980, 3.3488e+006, -0, -0.0803, 10.3333, 19.9003, -0.508501, -8.09949, 6.14796
400220, 3.3488e+006, 0, -0.1283, 10.3333, 18.0656, -3.41009, -4.86789, 5.44829
400460, 3.3488e+006, -0, -0.0706, 10.3333, 15.8764, -6.53992, -8.9868, 4.74128
400770, 3.3487e+006, 0, -0.06, 10.3333, 14.4612, -6.38036, -8.79631, 4.39179
401250, 3.3487e+006, -0, -0.0505, 10.3333, 13.6086, -6.40994, -11.4693, 4.17377
401930, 3.3487e+006, 0, -0.0498, 10.3333, 8.92394, -7.44438, -13.4287, 2.92108
402770, 3.3486e+006, -0, -0.0403, 10.3333, 7.65951, -7.78242, -12.0378, 2.32206
403760, 3.3486e+006, 0, -0.04, 10.3333, 7.76199, -8.51286, -11.2138, 2.61606
404920, 3.3486e+006, -0, -0.0398, 10.3333, 7.82025, -8.62691, -10.1387, 2.55052
406200, 3.3487e+006, 0, -0.0397, 10.3333, 7.80273, -8.35145, -9.15834, 2.55477
407570, 3.3489e+006, -0, -0.0395, 10.3333, 7.83229, -8.20439, -8.02852, 2.56396
408980, 3.3491e+006, 0, -0.0298, 10.3333, 7.81729, -8.27672, -7.21283, 2.57319
410390, 3.3494e+006, -0, -0.0205, 10.3333, 7.82715, -7.52228, -7.45922, 2.56037
411820, 3.3496e+006, 0, -0.0298, 10.3333, 7.84067, -5.97944, -2.75754, 2.55141
413300, 3.3497e+006, -0, -0.03, 10.3333, 7.83535, -4.26386, -3.33101, 2.53984
414810, 3.3499e+006, 0, -0.03, 10.3333, 7.875, -3.37634, -1.65387, 2.5562
416350, 3.35e+006, -0, -0.03, 10.3333, 7.88399, -1.93822, -1.12966, 2.55026
417950, 3.3501e+006, 0, -0.03, 10.3333, 7.87987, -1.66765, -1.37833, 2.54348
419610, 3.3501e+006, -0, -0.03, 10.3333, 7.8803, -2.91209, -1.53712, 2.5487
421300, 3.3501e+006, 0, -0.03, 10.3333, 7.91072, -4.61596, -0.50892, 2.57388
422960, 3.3501e+006, -0, -0.03, 10.3333, 7.92624, -5.42815, -0.0824973, 2.57806
424480, 3.3502e+006, 0, -0.0295, 10.3333, 7.82905, -4.31112, -3.76047, 2.51303
425730, 3.3502e+006, -0, -0.0202, 10.3333, 7.82697, -1.36618, -5.86081, 2.48652
426740, 3.3503e+006, 0, -0.02, 10.3333, 7.81876, 0.633228, -3.77735, 2.46593
427480, 3.3503e+006, -0, -0.02, 10.3333, 7.95686, 2.83345, -1.58968, 2.46729
428480, 3.3501e+006, 0, -0.02, 10.3333, 7.97922, 5.60044, -1.53654, 2.5193
429480, 3.3498e+006, -0, -0.0198, 10.3333, 7.60025, 6.49462, -5.31803, 2.51859
430090, 3.3498e+006, 0, -0.02, 10.3333, 8.06571, 9.12479, 0.354472, 2.5735
431010, 3.3498e+006, -0, -0.0298, 10.3333, 7.92538, 11.8007, 0.331549, 2.64113
432220, 3.3499e+006, 0, -0.03, 10.3333, 7.83622, 12.2054, 0.437154, 2.63395
433420, 3.3499e+006, -0, -0.03, 10.3333, 7.81853, 12.6814, 0.0211359, 2.62036
434560, 3.35e+006, 0, -0.03, 10.3333, 7.84187, 13.529, 0.388876, 2.60257
435650, 3.35e+006, -0, -0.03, 10.3333, 7.8432, 13.9924, 0.498464, 2.60786
436730, 3.35e+006, 0, -0.03, 10.3333, 7.84395, 11.9903, 0.650345, 2.59707
437780, 3.3505e+006, -0, -0.03, 10.3333, 7.86804, 7.40693, 4.50398, 2.60221
439100, 3.3517e+006, 0, -0.03, 10.3333, 7.87478, 4.52155, 3.14481, 2.60877
440550, 3.3524e+006, -0, -0.0298, 10.3333, 7.71549, 2.82536, 0.600199, 2.6514
441740, 3.3525e+006, 0, -0.0202, 10.3333, 7.81973, 1.46525, 0.168951, 2.5008
442700, 3.3526e+006, -0, -0.0202, 10.3333, 7.86237, 1.61462, -2.69454, 2.4662
443670, 3.3528e+006, 0, -0.0295, 10.3333, 7.87234, 1.06362, -0.837816, 2.51449
358280, 3.3534e+006, -0, -0.05, 10.3333, 31.0001, 0.142777, -0.0270891, 11.2986
360580, 3.353e+006, 0, -0.05, 10.3333, 20.7427, 1.45276, -0.243642, 6.60194
362790, 3.3527e+006, -0, -0.0498, 10.3333, 18.4138, 1.61731, -2.46559, 5.7189
364940, 3.3524e+006, 0, -0.05, 10.3333, 15.9905, 0.560764, -3.08346, 4.86523
367110, 3.3522e+006, -0, -0.0498, 10.3333, 15.554, -0.201369, -2.92975, 4.70919
369340, 3.352e+006, 0, -0.05, 10.3333, 15.5228, -0.934743, -2.86288, 4.69496
371640, 3.3519e+006, -0, -0.05, 10.3333, 15.5221, -1.79076, -2.16292, 4.69464
374010, 3.3519e+006, 0, -0.0497, 10.3333, 15.3156, -2.28827, -3.78701, 4.61718
376290, 3.352e+006, -0, -0.04, 10.3333, 9.11594, -1.58348, -5.48295, 2.87279
378390, 3.3522e+006, 0, -0.0302, 10.3333, 8.03221, -0.740518, -6.4207, 2.61609
380280, 3.3523e+006, -0, -0.0297, 10.3333, 7.80351, -1.2395, -7.07119, 2.56275
382040, 3.3524e+006, 0, -0.0203, 10.3333, 7.76308, -1.7213, -9.97107, 2.59283
383710, 3.3524e+006, -0, -0.0202, 10.3333, 7.73218, -0.29295, -7.74477, 2.63902
385360, 3.3524e+006, 0, -0.0202, 10.3333, 7.79304, 1.86858, -3.95752, 2.59807
387030, 3.3523e+006, -0, -0.02, 10.3333, 7.81982, 2.6285, -5.15196, 2.60562
388890, 3.3521e+006, 0, -0.0202, 10.3333, 7.82003, 3.90711, -3.57239, 2.59028
390520, 3.3519e+006, -0, -0.02, 10.3333, 7.81289, 5.0365, -6.08112, 2.55749
391730, 3.3519e+006, 0, -0.0202, 10.3333, 7.81168, 5.54096, -7.81292, 2.61346
392880, 3.3518e+006, -0, -0.0297, 10.3333, 7.80989, 6.35018, -7.51512, 2.68424
393980, 3.3516e+006, 0, -0.0302, 10.3333, 7.75959, 6.33257, -9.1649, 2.6955
395040, 3.3514e+006, -0, -0.0398, 10.3333, 7.71965, 5.82711, -8.15265, 2.59763
396040, 3.3512e+006, 0, -0.04, 10.3333, 7.73073, 5.04989, -8.52832, 2.73022
396990, 3.351e+006, -0, -0.0402, 10.3333, 7.6405, 4.53486, -9.78833, 2.25041
397880, 3.3508e+006, 0, -0.0497, 10.3333, 8.6248, 5.14706, -11.5815, 2.88366
398710, 3.3507e+006, -0, -0.05, 10.3333, 10.5709, 4.98366, -14.2106, 3.30983
399500, 3.3505e+006, 0, -0.0597, 10.3333, 13.1012, 2.68024, -17.3395, 4.00888
399980, 3.3504e+006, -0, -0.0695, 10.3333, 14.2626, 2.53291, -14.2916, 4.36146
400170, 3.3503e+006, 0, -0.0709, 10.3333, 15.8101, 2.72434, -9.24334, 4.80709
400380, 3.3503e+006, -0, -0.128, 10.3333, 17.3044, 0.415399, -5.05334, 5.19737
400610, 3.3503e+006, 0, -0.0614, 10.3333, 17.6209, -3.69111, -4.73928, 5.35414
400870, 3.3502e+006, -0, -0.06, 10.3333, 15.6332, -4.61915, -6.1685, 4.74975
401340, 3.3502e+006, 0, -0.0594, 10.3333, 14.3615, -4.76819, -10.9245, 4.40805
402070, 3.3502e+006, -0, -0.0405, 10.3333, 7.65952, -6.10243, -12.2195, 2.52905
402900, 3.3501e+006, 0, -0.04, 10.3333, 7.65948, -6.46684, -11.0667, 2.56749
403850, 3.3501e+006, -0, -0.04, 10.3333, 7.71708, -7.0997, -10.361, 2.55786
404930, 3.35e+006, 0, -0.04, 10.3333, 7.69934, -7.46226, -9.44942, 2.55997
406130, 3.35e+006, -0, -0.04, 10.3333, 7.71838, -7.51261, -8.63106, 2.55928
407440, 3.3501e+006, 0, -0.04, 10.3333, 7.72709, -7.36672, -7.86998, 2.55662
408820, 3.3502e+006, -0, -0.0397, 10.3333, 7.73455, -7.43945, -7.27121, 2.56281
410230, 3.3504e+006, 0, -0.03, 10.3333, 7.71956, -7.46098, -8.11996, 2.57283
411690, 3.3505e+006, -0, -0.03, 10.3333, 7.76647, -6.45234, -4.36863, 2.55987
413190, 3.3507e+006, 0, -0.03, 10.3333, 7.76683, -4.63456, -3.59179, 2.54649
414730, 3.3508e+006, -0, -0.03, 10.3333, 7.78953, -3.50382, -2.15947, 2.55186
416310, 3.3509e+006, 0, -0.03, 10.3333, 7.80353, -2.43926, -1.28885, 2.5523
417940, 3.3509e+006, -0, -0.03, 10.3333, 7.80988, -2.20378, -0.956658, 2.55222
419610, 3.3509e+006, 0, -0.03, 10.3333, 7.819, -2.92305, -0.587884, 2.55972
421290, 3.3509e+006, -0, -0.03, 10.3333, 7.83786, -4.11585, 0.436836, 2.57015
422940, 3.3509e+006, 0, -0.0297, 10.3333, 7.82091, -3.83625, -0.00576035, 2.55213
424440, 3.351e+006, -0, -0.0203, 10.3333, 7.74109, -1.27038, -4.96088, 2.40815
425700, 3.351e+006, 0, -0.02, 10.3333, 7.71472, 0.769471, -6.48359, 2.50247
426740, 3.3511e+006, -0, -0.02, 10.3333, 7.73738, 1.11352, -1.67329, 2.41471
427530, 3.351e+006, 0, -0.02, 10.3333, 7.87326, 0.413637, -1.85981, 2.49289
442660, 3.3536e+006, -0, -0.02, 10.3333, 7.7159, -1.06969, -2.80267, 2.35815
443550, 3.3537e+006, 0, -0.0202, 10.3333, 7.89161, -1.10958, -0.632622, 2.52381
358720, 3.3555e+006, -0, -0.05, 10.3333, 31.0001, 0, 0, 11.2986
360950, 3.3551e+006, 0, -0.05, 10.3333, 26.0636, -0.590701, -1.98619, 8.604
363070, 3.3546e+006, -0, -0.0498, 10.3333, 19.2886, -1.37881, -1.345, 6.04504
365150, 3.3543e+006, 0, -0.05, 10.3333, 15.641, -0.914201, -3.71443, 4.80243
367250, 3.3541e+006, -0, -0.0497, 10.3333, 15.5907, -0.877563, -2.76944, 4.76609
369440, 3.354e+006, 0, -0.0498, 10.3333, 15.5626, -1.24095, -2.58443, 4.75326
371710, 3.3539e+006, -0, -0.0497, 10.3333, 15.5503, -0.639509, -2.58011, 4.76411
374020, 3.3539e+006, 0, -0.0403, 10.3333, 9.61728, 0.0724555, -4.61285, 2.98204
376250, 3.3539e+006, -0, -0.0395, 10.3333, 7.71087, 0.951362, -5.87621, 2.5248
378330, 3.3539e+006, 0, -0.0205, 10.3333, 7.69646, 0.871131, -7.86255, 2.55116
380230, 3.3539e+006, -0, -0.0202, 10.3333, 7.73228, -0.609316, -7.95437, 2.59138
382000, 3.3538e+006, 0, -0.0198, 10.3333, 7.70797, -0.795819, -12.0343, 2.58887
383720, 3.3537e+006, -0, -0.0198, 10.3333, 7.70581, 1.03147, -9.64375, 2.66557
385430, 3.3536e+006, 0, -0.0198, 10.3333, 7.75449, 2.42671, -3.92283, 2.65034
387130, 3.3535e+006, -0, -0.02, 10.3333, 7.78873, 2.3398, -3.45849, 2.65255
388930, 3.3534e+006, 0, -0.02, 10.3333, 7.75668, 3.40184, -4.48075, 2.5445
390580, 3.3534e+006, -0, -0.02, 10.3333, 7.72579, 3.03659, -3.0101, 2.54625
391900, 3.3533e+006, 0, -0.0203, 10.3333, 7.64712, 1.25407, -8.7966, 2.61054
393070, 3.3532e+006, -0, -0.0298, 10.3333, 7.67541, 1.95793, -8.19367, 2.63516
394150, 3.353e+006, 0, -0.0302, 10.3333, 7.65904, 1.83639, -9.79694, 2.59842
395190, 3.3528e+006, -0, -0.0398, 10.3333, 7.66462, 2.13989, -7.90125, 2.57811
396190, 3.3526e+006, 0, -0.04, 10.3333, 7.69753, 1.98276, -7.96902, 2.5234
397130, 3.3524e+006, -0, -0.04, 10.3333, 7.65007, 1.52, -8.83751, 2.58274
398020, 3.3522e+006, 0, -0.0402, 10.3333, 7.59815, 0.729194, -9.22343, 2.43824
398860, 3.3521e+006, -0, -0.0402, 10.3333, 7.59815, -0.0351909, -9.74213, 2.41049
399670, 3.3519e+006, 0, -0.0405, 10.3333, 7.60221, -0.799185, -13.9259, 2.41499
400160, 3.3518e+006, -0, -0.0503, 10.3333, 8.04181, 2.20284, -11.4663, 2.51847
400370, 3.3517e+006, 0, -0.0611, 10.3333, 11.0096, 2.95698, -9.69569, 3.37763
400590, 3.3517e+006, -0, -0.128, 10.3333, 14.8137, 2.39303, -4.88562, 4.57055
400810, 3.3517e+006, 0, -0.0705, 10.3333, 15.7485, 0.60182, -2.27616, 4.77886
401050, 3.3516e+006, -0, -0.0598, 10.3333, 16.187, -2.31276, -3.99838, 4.981
401530, 3.3516e+006, 0, -0.05, 10.3333, 14.2309, -4.58672, -11.4712, 4.34059
402270, 3.3516e+006, -0, -0.0402, 10.3333, 8.53598, -5.68609, -10.9295, 2.79368
403090, 3.3515e+006, 0, -0.04, 10.3333, 7.60007, -5.64862, -10.0474, 2.52881
404000, 3.3514e+006, -0, -0.0398, 10.3333, 7.61531, -6.18906, -10.2556, 2.57367
405020, 3.3514e+006, 0, -0.0398, 10.3333, 7.6396, -6.55326, -9.6824, 2.56574
406150, 3.3514e+006, -0, -0.0398, 10.3333, 7.64222, -6.52278, -9.05985, 2.55889
407390, 3.3514e+006, 0, -0.0398, 10.3333, 7.65029, -6.14009, -8.30011, 2.55528
408720, 3.3514e+006, -0, -0.0397, 10.3333, 7.65313, -5.71612, -7.79335, 2.5579
410130, 3.3515e+006, 0, -0.0302, 10.3333, 7.64924, -5.68762, -8.58895, 2.57075
411590, 3.3516e+006, -0, -0.03, 10.3333, 7.68114, -5.42098, -5.72975, 2.55419
413110, 3.3517e+006, 0, -0.03, 10.3333, 7.69621, -4.36438, -4.04069, 2.54832
414670, 3.3518e+006, -0, -0.03, 10.3333, 7.71432, -3.45726, -2.46787, 2.55218
416280, 3.3518e+006, 0, -0.03, 10.3333, 7.7289, -2.70692, -1.3869, 2.5554
417930, 3.3519e+006, -0, -0.03, 10.3333, 7.73954, -2.4622, -0.701892, 2.55755
419610, 3.3518e+006, 0, -0.03, 10.3333, 7.75357, -2.48344, -0.0674578, 2.56294
421290, 3.3518e+006, -0, -0.0298, 10.3333, 7.78259, -2.19962, 0.914709, 2.5731
422930, 3.3518e+006, 0, -0.0205, 10.3333, 7.80006, -0.720497, -0.611251, 2.56655
424420, 3.3518e+006, -0, -0.02, 10.3333, 7.67498, 0.425968, -5.65514, 2.47932
425690, 3.3518e+006, 0, -0.02, 10.3333, 7.65731, 0.333204, -6.2, 2.4652
427740, 3.3517e+006, -0, -0.02, 10.3333, 7.70234, 0.182989, 0.317195, 2.4725
443390, 3.3547e+006, 0, -0.0198, 10.3333, 7.73061, 0.120151, -1.35198, 2.45183
361450, 3.3571e+006, -0, -0.05, 10.3333, 16.4859, -0.417848, -2.02988, 4.72284
363410, 3.3566e+006, 0, -0.0497, 10.3333, 16.88, 0.612784, -1.64065, 5.13699
365350, 3.3563e+006, -0, -0.0306, 10.3333, 13.1891, 1.16058, -3.00055, 3.98429
367340, 3.3561e+006, 0, -0.0398, 10.3333, 10.3661, 1.50829, -2.38745, 3.24109
369510, 3.356e+006, -0, -0.04, 10.3333, 9.02941, 2.074, -2.41136, 2.88655
371760, 3.3559e+006, 0, -0.04, 10.3333, 8.7665, 2.58594, -2.43356, 2.77854
374060, 3.3559e+006, -0, -0.0397, 10.3333, 7.68663, 2.58301, -2.89135, 2.5455
376290, 3.3558e+006, 0, -0.0302, 10.3333, 7.62963, 1.11295, -5.12238, 2.51682
378370, 3.3557e+006, -0, -0.0202, 10.3333, 7.65676, -1.03287, -8.03801, 2.52535
380270, 3.3555e+006, 0, -0.0198, 10.3333, 7.67109, -1.3368, -7.85969, 2.50562
382050, 3.3553e+006, -0, -0.0105, 10.3333, 7.69567, 0.237211, -11.0005, 2.46438
383820, 3.355e+006, 0, -0.0102, 10.3333, 7.72996, -0.0506392, -10.6678, 2.60357
385570, 3.3548e+006, -0, -0.0103, 10.3333, 7.68857, 0, 0, 2.51656
387270, 3.3548e+006, 0, -0.0198, 10.3333, 7.62912, -0.369895, -1.29524, 2.56124
388920, 3.3548e+006, -0, -0.02, 10.3333, 7.62649, 0.212983, -2.60129, 2.3792
392100, 3.355e+006, 0, -0.0295, 10.3333, 7.5223, -2.10377, -8.18158, 2.56635
393270, 3.3548e+006, -0, -0.03, 10.3333, 7.57803, -3.18369, -9.12052, 2.53062
394340, 3.3545e+006, 0, -0.0302, 10.3333, 7.56595, -3.21177, -10.2255, 2.5161
395350, 3.3543e+006, -0, -0.0398, 10.3333, 7.60467, -1.97579, -7.95635, 2.48782
396320, 3.354e+006, 0, -0.04, 10.3333, 7.61243, -1.31555, -7.82911, 2.48767
397260, 3.3538e+006, -0, -0.04, 10.3333, 7.62106, -1.12837, -8.25761, 2.47935
398150, 3.3536e+006, 0, -0.04, 10.3333, 7.60806, -1.29826, -8.33676, 2.48313
399010, 3.3534e+006, -0, -0.04, 10.3333, 7.73303, -1.53729, -8.52139, 2.51138
399830, 3.3533e+006, 0, -0.0402, 10.3333, 8.41167, -1.55145, -13.2097, 2.70072
400350, 3.3531e+006, -0, -0.05, 10.3333, 9.78648, 1.75734, -8.42315, 3.06009
400570, 3.3531e+006, 0, -0.0609, 10.3333, 12.1526, 2.57692, -6.09726, 3.72137
400790, 3.3531e+006, -0, -0.1278, 10.3333, 15.5581, 1.57607, -0.151441, 4.78615
401010, 3.353e+006, 0, -0.0611, 10.3333, 16.8778, -0.846726, 0.53465, 5.23006
401230, 3.353e+006, -0, -0.0502, 10.3333, 15.1962, -4.50356, -4.96205, 4.61676
401700, 3.353e+006, 0, -0.0403, 10.3333, 9.56143, -5.31453, -10.6168, 3.00339
402450, 3.3529e+006, -0, -0.0398, 10.3333, 7.59864, -3.99875, -10.6015, 2.51145
403260, 3.3528e+006, 0, -0.0397, 10.3333, 7.60698, -3.90543, -10.4135, 2.56532
404150, 3.3528e+006, -0, -0.0303, 10.3333, 7.56666, -4.09351, -11.246, 2.58549
405130, 3.3527e+006, 0, -0.0302, 10.3333, 7.56368, -4.16791, -10.6438, 2.56656
406220, 3.3527e+006, -0, -0.0302, 10.3333, 7.57171, -4.11057, -10.0176, 2.55882
407410, 3.3526e+006, 0, -0.0302, 10.3333, 7.57869, -3.91715, -9.34489, 2.55236
408700, 3.3526e+006, -0, -0.0302, 10.3333, 7.58242, -3.83719, -8.81307, 2.55171
410070, 3.3527e+006, 0, -0.03, 10.3333, 7.58573, -4.18085, -8.52692, 2.55369
411530, 3.3527e+006, -0, -0.03, 10.3333, 7.60735, -4.3653, -6.31603, 2.55037
413050, 3.3528e+006, 0, -0.03, 10.3333, 7.62467, -3.86128, -4.36418, 2.54847
414630, 3.3528e+006, -0, -0.03, 10.3333, 7.64174, -3.25855, -2.67142, 2.55415
416270, 3.3528e+006, 0, -0.03, 10.3333, 7.65623, -2.77965, -1.48751, 2.55868
417940, 3.3528e+006, -0, -0.03, 10.3333, 7.66839, -2.62039, -0.650164, 2.56162
419630, 3.3528e+006, 0, -0.03, 10.3333, 7.68185, -2.47728, 0.0861703, 2.56607
421310, 3.3527e+006, -0, -0.03, 10.3333, 7.70048, -2.15013, 1.00675, 2.5705
422950, 3.3526e+006, 0, -0.0295, 10.3333, 7.65744, -0.0462399, -2.02666, 2.52117
424460, 3.3526e+006, -0, -0.0202, 10.3333, 7.61373, 1.82304, -5.40348, 2.5368
425720, 3.3525e+006, 0, -0.0198, 10.3333, 7.56716, 0.924208, -5.8951, 2.53376
428270, 3.352e+006, -0, -0.02, 10.3333, 7.69813, 1.79396, 0.846563, 2.47355
442490, 3.3556e+006, 0, -0.01, 10.3333, 7.77997, -0.86085, -0.917983, 2.3042
443280, 3.3557e+006, -0, -0.0102, 10.3333, 7.71748, -1.20502, -0.862158, 2.29437
443990, 3.3557e+006, 0, -0.01, 10.3333, 7.86714, -0.318806, -0.0316006, 1.88468
367470, 3.3581e+006, -0, -0.03, 10.3333, 8.00741, 0.283101, -2.22373, 2.67388
369580, 3.3581e+006, 0, -0.03, 10.3333, 7.71189, 1.42575, -1.99831, 2.59202
371830, 3.358e+006, -0, -0.0302, 10.3333, 7.6744, 2.2653, -1.33983, 2.59863
374150, 3.3578e+006, 0, -0.03, 10.3333, 7.57226, 2.79473, -3.52951, 2.57079
376410, 3.3576e+006, -0, -0.0297, 10.3333, 7.57891, 1.33479, -5.32784, 2.50279
378490, 3.3574e+006, 0, -0.0202, 10.3333, 7.55043, -0.848395, -7.91139, 2.42296
380400, 3.3572e+006, -0, -0.02, 10.3333, 7.59032, 0.202734, -6.4265, 2.45632
382190, 3.3569e+006, 0, -0.0197, 10.3333, 7.57889, 1.44252, -6.7347, 2.46591
383910, 3.3565e+006, -0, -0.0102, 10.3333, 7.65138, 0.190311, -9.21783, 2.53972
392420, 3.3566e+006, 0, -0.0106, 10.3333, 7.39332, -5.37045, -9.86364, 2.77348
393520, 3.3563e+006, -0, -0.0295, 10.3333, 7.45998, -6.96653, -10.0687, 2.64507
394530, 3.356e+006, 0, -0.0302, 10.3333, 7.47212, -5.57152, -10.7324, 2.56941
395510, 3.3557e+006, -0, -0.0398, 10.3333, 7.53156, -3.99189, -8.50588, 2.50908
396460, 3.3554e+006, 0, -0.04, 10.3333, 7.53919, -3.12859, -8.29468, 2.50598
397390, 3.3552e+006, -0, -0.04, 10.3333, 7.54035, -2.79555, -8.20985, 2.49739
398290, 3.355e+006, 0, -0.04, 10.3333, 7.54205, -2.74862, -8.12133, 2.49432
399150, 3.3548e+006, -0, -0.04, 10.3333, 7.66898, -2.51072, -8.70868, 2.52964
399990, 3.3546e+006, 0, -0.0402, 10.3333, 8.22978, -2.55041, -13.7513, 2.62452
400510, 3.3544e+006, -0, -0.05, 10.3333, 9.89769, 1.08377, -7.59279, 3.09517
400740, 3.3544e+006, 0, -0.0608, 10.3333, 13.0783, 2.3033, -5.21499, 4.0412
400960, 3.3544e+006, -0, -0.1278, 10.3333, 15.9984, 2.45732, 1.31825, 4.94241
401180, 3.3543e+006, 0, -0.0608, 10.3333, 16.5796, 2.13554, 0.935607, 5.20239
401410, 3.3543e+006, -0, -0.0498, 10.3333, 17.6416, -1.73223, -5.73419, 5.4148
401870, 3.3543e+006, 0, -0.04, 10.3333, 12.097, -3.79696, -9.33554, 3.71499
402620, 3.3542e+006, -0, -0.0303, 10.3333, 8.75436, -2.96416, -11.1347, 2.89178
403420, 3.3542e+006, 0, -0.0302, 10.3333, 7.67075, -3.1369, -11.3363, 2.63097
404300, 3.3541e+006, -0, -0.03, 10.3333, 7.49003, -3.30843, -11.5155, 2.57913
405260, 3.354e+006, 0, -0.03, 10.3333, 7.50569, -3.42462, -10.6144, 2.54625
406310, 3.3539e+006, -0, -0.03, 10.3333, 7.50843, -3.68698, -10.1629, 2.55283
407460, 3.3539e+006, 0, -0.03, 10.3333, 7.51381, -3.63087, -9.53023, 2.55292
408720, 3.3538e+006, -0, -0.03, 10.3333, 7.52046, -3.52583, -8.76076, 2.55142
410060, 3.3538e+006, 0, -0.03, 10.3333, 7.52501, -3.64026, -7.832, 2.55095
411500, 3.3539e+006, -0, -0.03, 10.3333, 7.53796, -3.66061, -6.29055, 2.54766
413020, 3.3539e+006, 0, -0.03, 10.3333, 7.55339, -3.31466, -4.40795, 2.5488
414610, 3.3539e+006, -0, -0.03, 10.3333, 7.56899, -2.93403, -2.72611, 2.55609
416270, 3.3539e+006, 0, -0.03, 10.3333, 7.58272, -2.68118, -1.53808, 2.56161
417970, 3.3538e+006, -0, -0.03, 10.3333, 7.59316, -2.60098, -0.720718, 2.56363
419670, 3.3537e+006, 0, -0.03, 10.3333, 7.60453, -2.29634, 0.0102842, 2.5647
421340, 3.3536e+006, -0, -0.0298, 10.3333, 7.62903, -0.825036, 0.531721, 2.57344
422990, 3.3535e+006, 0, -0.0203, 10.3333, 7.56051, 2.04571, -3.86415, 2.5027
424570, 3.3534e+006, -0, -0.0197, 10.3333, 7.5348, 3.69277, -5.83572, 2.581
425800, 3.3533e+006, 0, -0.0103, 10.3333, 7.5079, 0, 0, 2.62737
428880, 3.3521e+006, -0, -0.02, 10.3333, 7.54582, 2.52215, -1.48072, 2.48251
428980, 3.3519e+006, 0, -0.02, 10.3333, 7.70985, -1.76225, -2.96517, 2.44691
442370, 3.3565e+006, -0, -0.01, 10.3333, 7.69001, 0.161401, -1.46741, 2.43041
366030, 3.3608e+006, 0, -0.02, 10.3333, 7.5041, 1.3012, -0.158704, 2.19131
367710, 3.3606e+006, -0, -0.02, 10.3333, 7.57643, 2.14207, -4.69947, 2.56274
369770, 3.3604e+006, 0, -0.0203, 10.3333, 7.5442, 0.911316, -3.98608, 2.54354
372010, 3.3601e+006, -0, -0.0295, 10.3333, 7.51141, 0.770897, -2.92751, 2.54256
374330, 3.3598e+006, 0, -0.0202, 10.3333, 7.54889, 2.21936, -5.12701, 2.58842
376590, 3.3595e+006, -0, -0.0202, 10.3333, 7.58781, 1.07, -5.74099, 2.59674
378640, 3.3592e+006, 0, -0.02, 10.3333, 7.46033, -0.324784, -6.05147, 2.52375
380530, 3.3589e+006, -0, -0.02, 10.3333, 7.50707, 1.12498, -4.59083, 2.44716
382320, 3.3587e+006, 0, -0.0197, 10.3333, 7.50658, 4.34444, -6.5166, 2.54787
383940, 3.3585e+006, -0, -0.0102, 10.3333, 7.59083, 5.19538, -4.13704, 2.53021
385260, 3.3584e+006, 0, -0.01, 10.3333, 7.69705, 1.7391, 0.0395049, 2.12697
392840, 3.358e+006, -0, -0.0102, 10.3333, 7.34375, -5.73226, -12.9191, 2.57498
393760, 3.3577e+006, 0, -0.0202, 10.3333, 7.38685, -6.22651, -11.8443, 2.72424
394700, 3.3573e+006, -0, -0.03, 10.3333, 7.39518, -5.69102, -11.1569, 2.56473
395660, 3.3571e+006, 0, -0.0398, 10.3333, 7.45054, -4.3084, -9.1087, 2.52663
396600, 3.3568e+006, -0, -0.04, 10.3333, 7.45813, -3.54579, -8.81866, 2.51569
397530, 3.3566e+006, 0, -0.04, 10.3333, 7.46729, -3.16176, -8.26837, 2.50903
398430, 3.3563e+006, -0, -0.04, 10.3333, 7.47795, -2.99531, -7.81699, 2.50965
399310, 3.3561e+006, 0, -0.0398, 10.3333, 7.56119, -2.99783, -9.67552, 2.54403
400160, 3.3559e+006, -0, -0.0402, 10.3333, 8.35222, -2.90423, -13.6798, 2.74325
400680, 3.3557e+006, 0, -0.0497, 10.3333, 10.2294, 0.922867, -8.88718, 3.22498
400890, 3.3557e+006, -0, -0.0514, 10.3333, 12.5445, 2.34139, -5.73505, 3.85321
401100, 3.3557e+006, 0, -0.1275, 10.3333, 16.0251, 1.96774, 1.74369, 5.00304
401330, 3.3557e+006, -0, -0.0511, 10.3333, 17.2314, 0.793886, 0.83665, 5.41664
401560, 3.3556e+006, 0, -0.05, 10.3333, 18.6871, -2.57113, -5.15393, 5.93018
402040, 3.3556e+006, -0, -0.0398, 10.3333, 12.7336, -4.04055, -9.19708, 3.9067
402780, 3.3555e+006, 0, -0.0302, 10.3333, 8.70087, -3.13788, -11.2203, 2.87128
403580, 3.3554e+006, -0, -0.03, 10.3333, 7.57669, -2.94121, -11.2361, 2.6098
404450, 3.3554e+006, 0, -0.03, 10.3333, 7.42279, -2.77887, -10.8468, 2.57685
405390, 3.3553e+006, -0, -0.0302, 10.3333, 7.4547, -2.8475, -8.79213, 2.52262
406420, 3.3552e+006, 0, -0.03, 10.3333, 7.44398, -3.29035, -9.40016, 2.55153
407540, 3.3551e+006, -0, -0.03, 10.3333, 7.44614, -3.25537, -8.8602, 2.55354
408760, 3.3551e+006, 0, -0.03, 10.3333, 7.4531, -3.1966, -8.1198, 2.55147
410080, 3.355e+006, -0, -0.03, 10.3333, 7.46027, -3.35148, -7.34614, 2.5499
411490, 3.355e+006, 0, -0.03, 10.3333, 7.47107, -3.19482, -6.05646, 2.5471
413010, 3.355e+006, -0, -0.03, 10.3333, 7.48519, -2.78002, -4.25509, 2.54933
414610, 3.355e+006, 0, -0.03, 10.3333, 7.50039, -2.59261, -2.65112, 2.55836
416290, 3.355e+006, -0, -0.03, 10.3333, 7.51328, -2.58316, -1.53909, 2.56554
418030, 3.3549e+006, 0, -0.03, 10.3333, 7.5209, -2.67812, -0.848275, 2.56737
419740, 3.3547e+006, -0, -0.03, 10.3333, 7.52626, -2.6293, -0.177095, 2.56399
421400, 3.3546e+006, 0, -0.0297, 10.3333, 7.51111, 0.179389, -1.593, 2.51904
423030, 3.3544e+006, -0, -0.0198, 10.3333, 7.46319, 3.63481, -5.02961, 2.59252
424660, 3.3543e+006, 0, -0.0103, 10.3333, 7.48603, 0, 0, 2.49775
429560, 3.3524e+006, -0, -0.02, 10.3333, 7.55841, 0.799728, 0.402017, 2.48839
442260, 3.3573e+006, 0, -0.01, 10.3333, 7.52002, 0.380969, -1.99409, 2.48512
368130, 3.363e+006, -0, -0.0103, 10.3333, 7.49748, -0.324867, -2.73188, 2.31757
370160, 3.3624e+006, 0, -0.0198, 10.3333, 7.45114, -1.18726, -2.34249, 2.42812
372320, 3.3619e+006, -0, -0.02, 10.3333, 7.45965, -1.33497, -1.91882, 2.3544
374580, 3.3615e+006, 0, -0.0105, 10.3333, 7.51019, 0, 0, 2.50827
376800, 3.3611e+006, -0, -0.0198, 10.3333, 7.49386, 0.403039, -2.64135, 2.5916
378730, 3.3609e+006, 0, -0.02, 10.3333, 7.45547, 2.23854, -2.42112, 2.64053
380540, 3.3607e+006, -0, -0.0198, 10.3333, 7.40291, 4.03325, -1.91825, 2.65915
382330, 3.3606e+006, 0, -0.0103, 10.3333, 7.43037, 0, 0, 2.58102
393100, 3.3592e+006, -0, -0.0102, 10.3333, 7.32617, 0, 0, 2.58122
393900, 3.359e+006, 0, -0.0198, 10.3333, 7.323, -7.27365, -13.0596, 2.68991
394840, 3.3587e+006, -0, -0.03, 10.3333, 7.30586, -5.75391, -11.5152, 2.55727
395790, 3.3584e+006, 0, -0.0397, 10.3333, 7.34942, -4.39417, -10.1273, 2.53879
396740, 3.3581e+006, -0, -0.04, 10.3333, 7.36645, -3.43495, -9.46846, 2.51321
397670, 3.3579e+006, 0, -0.04, 10.3333, 7.38842, -2.61292, -8.57613, 2.50134
398580, 3.3577e+006, -0, -0.0398, 10.3333, 7.39964, -1.95759, -8.09045, 2.49579
399470, 3.3574e+006, 0, -0.0305, 10.3333, 7.46693, -2.0768, -10.9561, 2.60705
400330, 3.3572e+006, -0, -0.0397, 10.3333, 6.90787, -1.2816, -12.4671, 2.23524
400860, 3.3571e+006, 0, -0.05, 10.3333, 8.76584, 1.48669, -10.1164, 2.82806
401060, 3.3571e+006, -0, -0.0509, 10.3333, 10.9474, 2.79589, -5.85055, 3.43006
401270, 3.357e+006, 0, -0.1273, 10.3333, 14.7526, 3.17282, 1.89876, 4.642
401490, 3.357e+006, -0, -0.05, 10.3333, 15.6475, 2.2762, 0.481552, 4.94565
401730, 3.357e+006, 0, -0.05, 10.3333, 18.0888, -1.49766, -6.61054, 5.71017
402210, 3.3569e+006, -0, -0.0398, 10.3333, 12.5945, -3.73489, -9.03824, 3.94794
402950, 3.3568e+006, 0, -0.0302, 10.3333, 8.56642, -2.72798, -10.798, 2.86498
403740, 3.3567e+006, -0, -0.03, 10.3333, 7.49213, -2.50191, -10.7893, 2.60944
404600, 3.3566e+006, 0, -0.0302, 10.3333, 7.34729, -2.36548, -10.3882, 2.57193
405530, 3.3565e+006, -0, -0.0395, 10.3333, 7.39026, -2.32045, -6.65425, 2.50633
406540, 3.3565e+006, 0, -0.0302, 10.3333, 7.37505, -2.95051, -9.07905, 2.54892
407640, 3.3564e+006, -0, -0.03, 10.3333, 7.37949, -2.93854, -8.50887, 2.55244
408830, 3.3563e+006, 0, -0.03, 10.3333, 7.38743, -3.03267, -7.75878, 2.55037
410120, 3.3562e+006, -0, -0.03, 10.3333, 7.39299, -3.08509, -7.03407, 2.54983
411510, 3.3562e+006, 0, -0.03, 10.3333, 7.40275, -2.62247, -5.69618, 2.54724
413020, 3.3562e+006, -0, -0.03, 10.3333, 7.41675, -2.2539, -4.05686, 2.54969
414620, 3.3561e+006, 0, -0.03, 10.3333, 7.43242, -2.27729, -2.62712, 2.56053
416330, 3.3561e+006, -0, -0.03, 10.3333, 7.44517, -2.41386, -1.55787, 2.56941
418110, 3.356e+006, 0, -0.03, 10.3333, 7.44877, -2.46247, -1.17717, 2.56857
419850, 3.3558e+006, -0, -0.0297, 10.3333, 7.43164, -0.555783, -1.88707, 2.52727
421480, 3.3556e+006, 0, -0.02, 10.3333, 7.4064, 2.61838, -4.69376, 2.56164
423060, 3.3554e+006, -0, -0.0103, 10.3333, 7.4291, 0, 0, 2.50146
430150, 3.353e+006, 0, -0.02, 10.3333, 7.4405, 0.663846, 0.924455, 2.50766
442080, 3.358e+006, -0, -0.01, 10.3333, 6.48318, 0.806392, -2.62029, 2.96923
394010, 3.3602e+006, 0, -0.0105, 10.3333, 7.21265, -3.82827, -15.1865, 2.73377
394980, 3.3599e+006, -0, -0.0295, 10.3333, 7.19797, -4.00567, -12.8478, 2.66417
395930, 3.3597e+006, 0, -0.0303, 10.3333, 7.23044, -3.5729, -11.8239, 2.59118
396870, 3.3594e+006, -0, -0.0397, 10.3333, 7.25878, -2.9324, -10.6561, 2.54035
397800, 3.3592e+006, 0, -0.04, 10.3333, 7.30105, -2.05026, -9.11574, 2.50136
398710, 3.3589e+006, -0, -0.0398, 10.3333, 7.30943, -1.38643, -8.73427, 2.49156
399610, 3.3587e+006, 0, -0.0302, 10.3333, 7.32788, -1.55363, -11.4576, 2.63957
400490, 3.3585e+006, -0, -0.0303, 10.3333, 6.82656, -1.26103, -11.0819, 2.20968
401020, 3.3583e+006, 0, -0.05, 10.3333, 9.6766, 0.704895, -10.3957, 3.34294
401230, 3.3583e+006, -0, -0.05, 10.3333, 10.4359, 2.65625, -5.40548, 3.41639
401440, 3.3582e+006, 0, -0.1272, 10.3333, 13.7277, 3.4942, 2.19129, 4.39265
401670, 3.3582e+006, -0, -0.05, 10.3333, 13.7156, 2.95964, 1.23876, 4.39034
401910, 3.3582e+006, 0, -0.05, 10.3333, 15.8163, -0.866594, -6.83185, 4.98037
402380, 3.3581e+006, -0, -0.0398, 10.3333, 11.6549, -3.10424, -9.83704, 3.7238
403120, 3.358e+006, 0, -0.0302, 10.3333, 8.35371, -2.03708, -10.7164, 2.83817
403900, 3.358e+006, -0, -0.03, 10.3333, 7.41385, -1.90386, -10.6005, 2.60908
404750, 3.3579e+006, 0, -0.0302, 10.3333, 7.29371, -2.01673, -9.94963, 2.55883
405670, 3.3578e+006, -0, -0.0395, 10.3333, 7.31897, -1.36423, -6.54413, 2.50997
406660, 3.3577e+006, 0, -0.0302, 10.3333, 7.30625, -1.49685, -8.80963, 2.53792
407740, 3.3576e+006, -0, -0.03, 10.3333, 7.31592, -2.02394, -7.96797, 2.54312
408910, 3.3575e+006, 0, -0.03, 10.3333, 7.3259, -2.59946, -6.88617, 2.54541
410180, 3.3574e+006, -0, -0.03, 10.3333, 7.32359, -2.67506, -6.45432, 2.55228
411550, 3.3574e+006, 0, -0.03, 10.3333, 7.33151, -2.13972, -5.32383, 2.54967
413030, 3.3573e+006, -0, -0.03, 10.3333, 7.34552, -1.9301, -4.01971, 2.54982
414650, 3.3573e+006, 0, -0.03, 10.3333, 7.3616, -1.91837, -2.62712, 2.56102
416390, 3.3572e+006, -0, -0.03, 10.3333, 7.37514, -2.13631, -1.39963, 2.57153
418220, 3.3571e+006, 0, -0.0297, 10.3333, 7.35784, 0.0535355, -3.5595, 2.53533
420020, 3.3569e+006, -0, -0.02, 10.3333, 7.35228, 3.28775, -5.25996, 2.55157
421610, 3.3566e+006, 0, -0.0103, 10.3333, 7.35887, 0, 0, 2.52084
430860, 3.3536e+006, -0, -0.02, 10.3333, 7.4234, 0.676933, 0.4285, 2.53065
394110, 3.3613e+006, 0, -0.0102, 10.3333, 7.21507, -1.56972, -15.4732, 2.70252
395110, 3.3611e+006, -0, -0.0202, 10.3333, 7.11302, -2.05295, -14.0784, 2.70839
396060, 3.3609e+006, 0, -0.0298, 10.3333, 7.1515, -2.57764, -12.6888, 2.61596
397000, 3.3606e+006, -0, -0.0303, 10.3333, 7.1622, -2.35555, -11.8337, 2.61896
397940, 3.3604e+006, 0, -0.0398, 10.3333, 7.22162, -1.85088, -9.47081, 2.52105
398860, 3.3602e+006, -0, -0.0398, 10.3333, 7.22462, -1.35923, -9.26412, 2.5022
399770, 3.3599e+006, 0, -0.0302, 10.3333, 7.2826, -1.69845, -11.4189, 2.61109
400650, 3.3597e+006, -0, -0.0302, 10.3333, 6.94109, -1.12164, -11.694, 2.39908
401190, 3.3595e+006, 0, -0.05, 10.3333, 10.2202, 1.39075, -10.2219, 3.37027
401400, 3.3595e+006, -0, -0.0511, 10.3333, 11.1335, 2.90996, -4.92993, 3.58366
401620, 3.3594e+006, 0, -0.1278, 10.3333, 14.2985, 4.25096, 2.73353, 4.62285
401850, 3.3594e+006, -0, -0.0705, 10.3333, 14.743, 4.34781, 1.31097, 4.8076
402090, 3.3594e+006, 0, -0.0595, 10.3333, 15.495, -0.445894, -4.26752, 4.95401
402540, 3.3593e+006, -0, -0.0403, 10.3333, 10.2369, -3.29196, -10.1913, 3.30247
403250, 3.3593e+006, 0, -0.0302, 10.3333, 8.14865, -1.53461, -10.7772, 2.80732
404030, 3.3592e+006, -0, -0.03, 10.3333, 7.35187, -1.30779, -10.5838, 2.60549
404880, 3.3591e+006, 0, -0.0302, 10.3333, 7.24221, -1.16045, -9.25295, 2.54728
405800, 3.359e+006, -0, -0.0303, 10.3333, 7.25074, -0.620678, -7.44065, 2.53743
406790, 3.3589e+006, 0, -0.0302, 10.3333, 7.25085, -0.587285, -7.57671, 2.53816
407860, 3.3588e+006, -0, -0.0302, 10.3333, 7.26204, -1.10838, -6.40775, 2.53096
409010, 3.3587e+006, 0, -0.0302, 10.3333, 7.27611, -2.24935, -4.83489, 2.53743
410250, 3.3586e+006, -0, -0.03, 10.3333, 7.254, -2.72625, -6.01832, 2.56171
411590, 3.3586e+006, 0, -0.03, 10.3333, 7.26111, -2.0661, -5.29065, 2.55536
413060, 3.3585e+006, -0, -0.03, 10.3333, 7.276, -1.75739, -4.02591, 2.55039
414670, 3.3585e+006, 0, -0.03, 10.3333, 7.29163, -1.42971, -2.43595, 2.55736
416450, 3.3584e+006, -0, -0.0298, 10.3333, 7.30878, -0.495806, -1.75742, 2.56051
418330, 3.3583e+006, 0, -0.0202, 10.3333, 7.28106, 2.9214, -7.52911, 2.52048
420200, 3.358e+006, -0, -0.0103, 10.3333, 7.31186, 0, 0, 2.52755
431670, 3.3543e+006, 0, -0.02, 10.3333, 7.01781, -0.640166, -1.11363, 2.70101
394170, 3.3624e+006, -0, -0.0102, 10.3333, 7.07662, -1.4015, -13.5903, 2.69431
395190, 3.3622e+006, 0, -0.02, 10.3333, 7.06744, -1.54592, -13.2725, 2.61575
396150, 3.362e+006, -0, -0.0298, 10.3333, 7.07726, -1.93491, -12.0495, 2.60136
397100, 3.3618e+006, 0, -0.0302, 10.3333, 7.09823, -2.02577, -11.7058, 2.60423
398040, 3.3616e+006, -0, -0.0398, 10.3333, 7.14529, -1.65869, -9.42174, 2.53168
398980, 3.3614e+006, 0, -0.0397, 10.3333, 7.1397, -1.50757, -9.77061, 2.53104
399920, 3.3612e+006, -0, -0.0303, 10.3333, 7.12334, -1.68734, -11.0036, 2.56144
400830, 3.361e+006, 0, -0.0398, 10.3333, 8.16102, -1.21034, -13.4189, 2.69654
401380, 3.3609e+006, -0, -0.0498, 10.3333, 10.2174, 1.47933, -8.66441, 3.34253
401600, 3.3608e+006, 0, -0.0702, 10.3333, 12.529, 2.82057, -3.95384, 4.0936
401820, 3.3608e+006, -0, -0.1283, 10.3333, 15.7372, 3.35262, 3.25429, 5.14996
402040, 3.3608e+006, 0, -0.08, 10.3333, 16.7286, 2.94652, 3.04367, 5.51107
402260, 3.3607e+006, -0, -0.06, 10.3333, 16.9917, -0.547513, -1.97743, 5.52452
402700, 3.3607e+006, 0, -0.04, 10.3333, 11.2758, -2.71868, -9.13199, 3.71604
403400, 3.3606e+006, -0, -0.0303, 10.3333, 8.22664, -1.46773, -10.2774, 2.84871
404190, 3.3605e+006, 0, -0.0303, 10.3333, 7.2753, -1.24986, -9.5518, 2.58436
405050, 3.3604e+006, -0, -0.0397, 10.3333, 7.17043, -1.39187, -7.47483, 2.52804
405970, 3.3603e+006, 0, -0.0398, 10.3333, 7.17752, -1.87778, -6.46483, 2.52482
406950, 3.3602e+006, -0, -0.0398, 10.3333, 7.18372, -2.30537, -5.60326, 2.53051
408000, 3.36e+006, 0, -0.0398, 10.3333, 7.19346, -2.68913, -4.3446, 2.54258
409120, 3.3599e+006, -0, -0.0397, 10.3333, 7.20223, -2.97883, -3.00415, 2.55993
410330, 3.3598e+006, 0, -0.0302, 10.3333, 7.17585, -2.88212, -6.25697, 2.57924
411640, 3.3597e+006, -0, -0.03, 10.3333, 7.1869, -1.90973, -5.37491, 2.56397
413080, 3.3597e+006, 0, -0.03, 10.3333, 7.20451, -1.32765, -3.69478, 2.55269
414690, 3.3596e+006, -0, -0.03, 10.3333, 7.2187, -1.10919, -2.1183, 2.55776
416500, 3.3595e+006, 0, -0.0297, 10.3333, 7.20473, 0.0258884, -3.07697, 2.5338
418430, 3.3594e+006, -0, -0.0202, 10.3333, 7.20144, -0.0585508, -8.47924, 2.48978
431890, 3.3553e+006, 0, -0.02, 10.3333, 4.44957, 0.0666743, -2.52492, 4.28852
394250, 3.3635e+006, -0, -0.0102, 10.3333, 7.03521, -1.7719, -12.0081, 2.68562
395250, 3.3633e+006, 0, -0.02, 10.3333, 6.98903, -1.65346, -11.8628, 2.63961
396200, 3.3631e+006, -0, -0.0298, 10.3333, 7.00696, -1.7021, -11.0927, 2.6012
397150, 3.363e+006, 0, -0.0302, 10.3333, 7.02898, -1.67103, -10.8481, 2.58327
398100, 3.3628e+006, -0, -0.0395, 10.3333, 7.04677, -1.46062, -9.57785, 2.55716
399060, 3.3627e+006, 0, -0.0305, 10.3333, 7.05323, -1.4721, -9.64019, 2.55941
400020, 3.3625e+006, -0, -0.0303, 10.3333, 7.0918, -1.34271, -9.85799, 2.56904
400980, 3.3623e+006, 0, -0.04, 10.3333, 8.41454, -0.561425, -13.2581, 2.8283
401560, 3.3622e+006, -0, -0.05, 10.3333, 11.4794, 2.13109, -6.5442, 3.80259
401770, 3.3622e+006, 0, -0.0611, 10.3333, 14.2638, 2.48338, -2.61009, 4.68431
401980, 3.3622e+006, -0, -0.1278, 10.3333, 17.0162, 1.55836, 4.0312, 5.62626
402190, 3.3621e+006, 0, -0.0611, 10.3333, 17.0867, 1.12294, 5.37602, 5.68179
402410, 3.3621e+006, -0, -0.0502, 10.3333, 17.0863, -1.57405, -3.89166, 5.60494
402870, 3.3621e+006, 0, -0.0402, 10.3333, 10.9236, -3.09768, -9.26905, 3.6181
403600, 3.3619e+006, -0, -0.0305, 10.3333, 7.93464, -1.43045, -8.83774, 2.77505
404390, 3.3618e+006, 0, -0.0397, 10.3333, 7.13828, -1.24592, -7.25904, 2.54123
405250, 3.3617e+006, -0, -0.04, 10.3333, 7.10379, -1.44672, -5.80454, 2.52734
406160, 3.3615e+006, 0, -0.04, 10.3333, 7.10894, -1.57415, -5.1416, 2.527
407120, 3.3614e+006, -0, -0.04, 10.3333, 7.11387, -1.64772, -4.3672, 2.52924
408150, 3.3612e+006, 0, -0.04, 10.3333, 7.12308, -1.60681, -3.30714, 2.53596
409240, 3.3611e+006, -0, -0.0398, 10.3333, 7.12977, -1.43664, -2.54211, 2.54699
410420, 3.361e+006, 0, -0.0302, 10.3333, 7.0912, -1.5205, -6.58182, 2.57943
411690, 3.3609e+006, -0, -0.03, 10.3333, 7.10788, -0.878341, -5.39352, 2.57186
413090, 3.3608e+006, 0, -0.03, 10.3333, 7.12739, -0.277325, -3.53629, 2.55428
414710, 3.3608e+006, -0, -0.0297, 10.3333, 7.1299, 1.08686, -2.94164, 2.5566
416580, 3.3607e+006, 0, -0.0202, 10.3333, 7.12855, 1.34814, -4.25297, 2.57655
418520, 3.3605e+006, -0, -0.02, 10.3333, 7.13088, -3.37425, -3.60395, 2.51643
419740, 3.3604e+006, 0, -0.0202, 10.3333, 7.29568, -3.7205, -4.09835, 2.50036
394340, 3.3646e+006, -0, -0.0102, 10.3333, 6.93434, -1.76013, -11.6461, 2.64869
395290, 3.3644e+006, 0, -0.02, 10.3333, 6.93742, -1.52179, -11.3837, 2.62074
396230, 3.3643e+006, -0, -0.0298, 10.3333, 6.94245, -1.36923, -10.5097, 2.6062
397180, 3.3641e+006, 0, -0.03, 10.3333, 6.96167, -1.39241, -10.1899, 2.58995
398130, 3.364e+006, -0, -0.0303, 10.3333, 6.96025, -1.60056, -9.68608, 2.60343
399100, 3.3639e+006, 0, -0.0397, 10.3333, 7.00175, -1.78603, -8.25779, 2.54023
400090, 3.3637e+006, -0, -0.0397, 10.3333, 7.09518, -1.73781, -8.66694, 2.59792
401110, 3.3635e+006, 0, -0.0402, 10.3333, 8.19225, -1.17017, -11.5512, 2.81448
401720, 3.3634e+006, -0, -0.0502, 10.3333, 11.8439, 2.02926, -4.90735, 3.93115
401920, 3.3634e+006, 0, -0.0611, 10.3333, 14.8319, 2.63074, -1.43992, 4.9092
402110, 3.3634e+006, -0, -0.1277, 10.3333, 17.3302, 1.46718, 4.94819, 5.79559
402310, 3.3633e+006, 0, -0.0516, 10.3333, 16.9653, -0.229784, 5.10737, 5.65541
402510, 3.3633e+006, -0, -0.0497, 10.3333, 14.2771, -3.95834, -4.31977, 4.68269
403010, 3.3632e+006, 0, -0.0402, 10.3333, 8.74169, -4.12602, -8.44228, 2.95912
403790, 3.3631e+006, -0, -0.0398, 10.3333, 7.08222, -1.727, -6.84735, 2.54241
404600, 3.363e+006, 0, -0.04, 10.3333, 7.01998, -1.39608, -5.66726, 2.52825
405460, 3.3629e+006, -0, -0.04, 10.3333, 7.03369, -1.28242, -5.12554, 2.52975
406360, 3.3627e+006, 0, -0.04, 10.3333, 7.04044, -1.19905, -4.47545, 2.52992
407310, 3.3626e+006, -0, -0.04, 10.3333, 7.04748, -1.08066, -3.67779, 2.53148
408320, 3.3624e+006, 0, -0.04, 10.3333, 7.05446, -0.837167, -2.78658, 2.53543
409380, 3.3623e+006, -0, -0.0398, 10.3333, 7.05692, -0.170775, -2.76225, 2.54006
410520, 3.3621e+006, 0, -0.0302, 10.3333, 7.02222, 0.0938924, -6.52124, 2.57991
411740, 3.3621e+006, -0, -0.03, 10.3333, 7.02998, 0.635142, -5.68947, 2.58619
413090, 3.362e+006, 0, -0.0297, 10.3333, 7.03952, 1.90968, -4.40543, 2.5838
414690, 3.362e+006, -0, -0.02, 10.3333, 7.05076, 3.26737, -4.56053, 2.60669
416590, 3.3618e+006, 0, -0.0103, 10.3333, 7.07633, 0, 0, 2.50685
419770, 3.3616e+006, -0, -0.0298, 10.3333, 7.08785, 0.13145, -6.26988, 2.49217
394410, 3.3657e+006, 0, -0.0103, 10.3333, 6.84343, -0.842525, -10.8557, 2.61413
395310, 3.3656e+006, -0, -0.0202, 10.3333, 6.87079, -0.348406, -10.3823, 2.5964
396250, 3.3654e+006, 0, -0.0298, 10.3333, 6.87928, -0.709207, -9.73235, 2.61123
397190, 3.3653e+006, -0, -0.03, 10.3333, 6.89568, -1.13209, -9.40791, 2.57709
398150, 3.3652e+006, 0, -0.0302, 10.3333, 6.91481, -1.25816, -9.08907, 2.57048
399130, 3.365e+006, -0, -0.0395, 10.3333, 6.92485, -1.04372, -7.60162, 2.55387
400140, 3.3648e+006, 0, -0.0305, 10.3333, 6.9658, -0.920795, -8.48526, 2.60957
401200, 3.3646e+006, -0, -0.04, 10.3333, 7.27948, 0.402455, -10.1473, 2.53455
401860, 3.3645e+006, 0, -0.0592, 10.3333, 11.2446, 3.22183, -3.50405, 3.75087
402050, 3.3645e+006, -0, -0.0702, 10.3333, 13.6245, 3.29487, -0.683055, 4.58868
402240, 3.3644e+006, 0, -0.128, 10.3333, 16.7643, 2.4686, 4.49933, 5.64051
402430, 3.3644e+006, -0, -0.0605, 10.3333, 16.9465, 1.18182, 3.64578, 5.73647
402620, 3.3644e+006, 0, -0.05, 10.3333, 16.4203, -0.881829, -1.92979, 5.50476
403120, 3.3643e+006, -0, -0.0402, 10.3333, 10.4481, -2.31369, -5.23691, 3.57777
403950, 3.3643e+006, 0, -0.04, 10.3333, 7.12101, -1.77318, -6.00656, 2.57695
404790, 3.3641e+006, -0, -0.04, 10.3333, 6.95245, -1.13891, -5.27862, 2.5328
405650, 3.364e+006, 0, -0.04, 10.3333, 6.96281, -0.961808, -4.7213, 2.53412
406560, 3.3639e+006, -0, -0.04, 10.3333, 6.97102, -0.828282, -3.97855, 2.53395
407510, 3.3637e+006, 0, -0.04, 10.3333, 6.97844, -0.625694, -3.12042, 2.53579
408500, 3.3636e+006, -0, -0.04, 10.3333, 6.98542, -0.423565, -2.34057, 2.54007
409540, 3.3634e+006, 0, -0.0397, 10.3333, 6.96946, 0.385787, -4.01664, 2.54722
410640, 3.3633e+006, -0, -0.0302, 10.3333, 6.95026, 1.30723, -6.42036, 2.57461
411810, 3.3632e+006, 0, -0.0297, 10.3333, 6.9483, 2.0898, -6.46233, 2.61663
413080, 3.3632e+006, -0, -0.02, 10.3333, 6.96251, 3.89895, -5.70926, 2.64801
414650, 3.3631e+006, 0, -0.0103, 10.3333, 6.99005, 0, 0, 2.55676
419840, 3.363e+006, -0, -0.0297, 10.3333, 6.93763, -0.00959297, -3.97183, 2.49122
421060, 3.3627e+006, 0, -0.0202, 10.3333, 6.81906, 0.30792, -0.138793, 2.34728
394420, 3.3669e+006, -0, -0.0198, 10.3333, 6.78084, -0.714638, -9.83832, 2.67857
395330, 3.3668e+006, 0, -0.0297, 10.3333, 6.81601, -1.06316, -8.74912, 2.59583
396270, 3.3666e+006, -0, -0.03, 10.3333, 6.81507, -1.26741, -8.74806, 2.60293
397220, 3.3665e+006, 0, -0.0302, 10.3333, 6.83003, -1.25303, -8.24262, 2.56268
398190, 3.3663e+006, -0, -0.0302, 10.3333, 6.84764, -0.975923, -7.99615, 2.55597
399180, 3.3661e+006, 0, -0.0302, 10.3333, 6.84384, -0.852739, -7.93472, 2.58213
400200, 3.3659e+006, -0, -0.03, 10.3333, 6.81796, -0.773143, -8.30149, 2.5843
401310, 3.3657e+006, 0, -0.0302, 10.3333, 6.88656, -0.253312, -8.07632, 2.53533
401980, 3.3656e+006, -0, -0.05, 10.3333, 12.737, 1.83277, -1.81992, 4.35514
402160, 3.3656e+006, 0, -0.05, 10.3333, 13.5492, 2.90085, 0.16783, 4.63356
402340, 3.3655e+006, -0, -0.1273, 10.3333, 16.0435, 2.85989, 3.96327, 5.48071
402540, 3.3655e+006, 0, -0.0516, 10.3333, 16.0438, 2.79188, 2.62476, 5.539
402730, 3.3655e+006, -0, -0.0502, 10.3333, 16.7026, 0.654135, -2.66879, 5.63102
403250, 3.3654e+006, 0, -0.05, 10.3333, 12.9563, -2.42737, -2.55012, 4.45859
404080, 3.3654e+006, -0, -0.0402, 10.3333, 7.01008, -2.48352, -7.02519, 2.54417
404940, 3.3653e+006, 0, -0.04, 10.3333, 6.86592, -0.917144, -5.19611, 2.53737
405830, 3.3652e+006, -0, -0.04, 10.3333, 6.8905, -0.573075, -4.50509, 2.53943
406750, 3.365e+006, 0, -0.04, 10.3333, 6.89757, -0.319446, -3.7288, 2.53743
407690, 3.3649e+006, -0, -0.04, 10.3333, 6.90533, 0.0160251, -2.93613, 2.53717
408670, 3.3647e+006, 0, -0.0398, 10.3333, 6.91507, 0.572411, -2.43269, 2.54138
409700, 3.3646e+006, -0, -0.0303, 10.3333, 6.88353, 0.907083, -5.54026, 2.57402
410770, 3.3645e+006, 0, -0.0298, 10.3333, 6.8768, 1.46374, -6.48592, 2.56676
411930, 3.3644e+006, -0, -0.0202, 10.3333, 6.87601, 2.762, -7.87847, 2.65958
413120, 3.3644e+006, 0, -0.0103, 10.3333, 6.90514, 0, 0, 2.60772
420200, 3.3642e+006, -0, -0.0202, 10.3333, 6.28051, -1.03691, -3.73462, 2.57403
429340, 3.3503e+006, 0, -0.01, 10.3333, 6.97253, 1.14629, -5.29148, 2.43562
394390, 3.3681e+006, -0, -0.0106, 10.3333, 6.68743, -0.731208, -9.54309, 2.73153
395370, 3.368e+006, 0, -0.0295, 10.3333, 6.74832, -1.53992, -8.30435, 2.67026
396330, 3.3679e+006, -0, -0.0302, 10.3333, 6.74971, -2.07802, -8.18267, 2.59414
397290, 3.3677e+006, 0, -0.0397, 10.3333, 6.76886, -1.78682, -7.16955, 2.55361
398260, 3.3675e+006, -0, -0.0397, 10.3333, 6.77704, -1.52615, -6.93815, 2.54953
399250, 3.3672e+006, 0, -0.0303, 10.3333, 6.77784, -1.33172, -7.48869, 2.56394
400280, 3.367e+006, -0, -0.03, 10.3333, 6.79177, -1.0235, -7.83349, 2.60275
401400, 3.3668e+006, 0, -0.03, 10.3333, 8.50523, -0.446085, -7.90135, 3.07654
402070, 3.3666e+006, -0, -0.05, 10.3333, 12.8294, 1.33862, -2.24028, 4.40077
402240, 3.3666e+006, 0, -0.05, 10.3333, 13.6474, 2.55995, 1.22879, 4.70652
402410, 3.3666e+006, -0, -0.1275, 10.3333, 16.1229, 2.40071, 3.91362, 5.60426
402610, 3.3666e+006, 0, -0.0609, 10.3333, 16.3141, 0.164838, 1.86619, 5.70026
402830, 3.3666e+006, -0, -0.0694, 10.3333, 13.9716, -2.33435, -2.59449, 4.76446
403350, 3.3665e+006, 0, -0.0691, 10.3333, 12.2906, -3.24614, -0.8073, 4.24682
404190, 3.3665e+006, -0, -0.0405, 10.3333, 6.81253, -2.16423, -7.5985, 2.50079
405070, 3.3664e+006, 0, -0.04, 10.3333, 6.81121, -0.193134, -5.16593, 2.5453
405980, 3.3663e+006, -0, -0.04, 10.3333, 6.81937, -0.0550714, -4.43548, 2.54347
406910, 3.3662e+006, 0, -0.04, 10.3333, 6.82654, 0.0753747, -3.72352, 2.54164
407860, 3.3661e+006, -0, -0.04, 10.3333, 6.83208, 0.289446, -3.11403, 2.53988
408840, 3.3659e+006, 0, -0.0398, 10.3333, 6.83769, 0.722958, -2.988, 2.54065
409850, 3.3658e+006, -0, -0.0302, 10.3333, 6.80655, 0.647575, -5.98765, 2.57528
410880, 3.3657e+006, 0, -0.0298, 10.3333, 6.80606, 0.31793, -6.20507, 2.57288
411970, 3.3656e+006, -0, -0.0202, 10.3333, 6.82196, 0.277349, -7.91676, 2.66812
428920, 3.351e+006, 0, -0.01, 10.3333, 7.76071, 3.57211, -6.66532, 2.64997
394540, 3.3696e+006, -0, -0.0197, 10.3333, 6.64131, -2.02346, -9.35477, 2.73723
395490, 3.3694e+006, 0, -0.0203, 10.3333, 6.72212, -2.17609, -8.90483, 2.68011
396460, 3.3692e+006, -0, -0.03, 10.3333, 6.69633, -2.19096, -8.19787, 2.60152
397430, 3.3689e+006, 0, -0.0397, 10.3333, 6.6985, -1.86745, -7.13313, 2.57954
398410, 3.3686e+006, -0, -0.04, 10.3333, 6.69898, -1.68003, -6.61843, 2.55441
399380, 3.3683e+006, 0, -0.0397, 10.3333, 6.69991, -1.42675, -6.75974, 2.54283
400390, 3.3681e+006, -0, -0.0302, 10.3333, 6.86871, -1.03675, -7.69253, 2.6453
401490, 3.3678e+006, 0, -0.03, 10.3333, 9.99317, -0.217264, -7.77016, 3.52777
402140, 3.3677e+006, -0, -0.05, 10.3333, 15.4938, 0.500328, -1.49948, 5.45367
402300, 3.3677e+006, 0, -0.05, 10.3333, 16.3563, -0.362556, 2.81284, 5.74352
402470, 3.3676e+006, -0, -0.1273, 10.3333, 16.1464, -2.162, 4.23576, 5.58067
402650, 3.3676e+006, 0, -0.0517, 10.3333, 13.8215, -3.12089, 0.978037, 4.79746
402850, 3.3676e+006, -0, -0.06, 10.3333, 14.3353, -2.5004, -0.923698, 4.95436
403380, 3.3676e+006, 0, -0.0598, 10.3333, 13.2979, -1.78064, -1.03113, 4.64901
404260, 3.3676e+006, -0, -0.0403, 10.3333, 7.20596, -0.560484, -6.97005, 2.66399
405160, 3.3675e+006, 0, -0.04, 10.3333, 6.74118, 0.323772, -4.92773, 2.54629
406090, 3.3674e+006, -0, -0.04, 10.3333, 6.74793, 0.311123, -4.35638, 2.54656
407040, 3.3673e+006, 0, -0.04, 10.3333, 6.75598, 0.279733, -3.79282, 2.54597
408000, 3.3673e+006, -0, -0.04, 10.3333, 6.75858, 0.41181, -3.54467, 2.54534
408980, 3.3672e+006, 0, -0.0397, 10.3333, 6.74914, 0.989167, -4.20033, 2.54887
409950, 3.3671e+006, -0, -0.0302, 10.3333, 6.73423, 1.28017, -5.96778, 2.5754
410930, 3.367e+006, 0, -0.0298, 10.3333, 6.73447, 1.06952, -6.01803, 2.56615
411890, 3.367e+006, -0, -0.02, 10.3333, 6.74445, 0.75059, -7.60726, 2.72578
428690, 3.3516e+006, 0, -0.01, 10.3333, 7.91903, -2.38744, -6.72625, 2.39321
394880, 3.3713e+006, -0, -0.0106, 10.3333, 6.81387, -2.06501, -9.50951, 2.6035
395780, 3.371e+006, 0, -0.0202, 10.3333, 6.72041, -1.38377, -9.49563, 2.64549
396730, 3.3706e+006, -0, -0.0298, 10.3333, 6.66942, -1.07154, -8.66406, 2.63131
397700, 3.3702e+006, 0, -0.0303, 10.3333, 6.64355, -1.30362, -7.8488, 2.61503
398650, 3.3698e+006, -0, -0.0397, 10.3333, 6.642, -1.5112, -6.85606, 2.57244
399590, 3.3694e+006, 0, -0.0398, 10.3333, 6.6335, -1.64196, -6.47889, 2.54699
400540, 3.3691e+006, -0, -0.0302, 10.3333, 7.61576, -1.80254, -7.7519, 2.86624
401550, 3.3688e+006, 0, -0.0303, 10.3333, 12.7283, -1.45699, -6.23966, 4.45958
402160, 3.3687e+006, -0, -0.05, 10.3333, 16.956, -2.0002, 0.145266, 5.99095
402330, 3.3686e+006, 0, -0.05, 10.3333, 15.949, -3.23783, 3.35933, 5.64271
402490, 3.3686e+006, -0, -0.1275, 10.3333, 15.6274, -4.10803, 4.06934, 5.44121
402650, 3.3686e+006, 0, -0.0608, 10.3333, 13.7232, -4.6736, 0.0954343, 4.78154
402810, 3.3686e+006, -0, -0.0597, 10.3333, 13.3001, -4.16462, -2.52336, 4.67352
403350, 3.3686e+006, 0, -0.0594, 10.3333, 11.7701, -2.92582, -5.54661, 4.16644
404280, 3.3686e+006, -0, -0.0403, 10.3333, 6.99944, -0.965585, -5.96371, 2.59043
405220, 3.3686e+006, 0, -0.04, 10.3333, 6.68557, 0.481658, -4.7279, 2.55211
406170, 3.3686e+006, -0, -0.04, 10.3333, 6.67651, 0.472394, -4.33636, 2.55087
407120, 3.3685e+006, 0, -0.04, 10.3333, 6.68355, 0.48764, -3.96763, 2.55202
408080, 3.3685e+006, -0, -0.0397, 10.3333, 6.67562, 1.04322, -4.66189, 2.55808
409030, 3.3684e+006, 0, -0.0303, 10.3333, 6.65797, 1.80953, -5.56365, 2.58992
409980, 3.3684e+006, -0, -0.03, 10.3333, 6.6586, 1.83664, -5.90211, 2.58867
410880, 3.3685e+006, 0, -0.0295, 10.3333, 6.65198, 1.72119, -6.30931, 2.58552
411710, 3.3686e+006, -0, -0.0105, 10.3333, 6.69758, 1.84547, -8.43032, 2.70429
394570, 3.3732e+006, 0, -0.03, 10.3333, 7.17446, 0.39334, -4.16864, 2.71631
395350, 3.3729e+006, -0, -0.0297, 10.3333, 7.03879, 0.247251, -9.30604, 2.66856
396250, 3.3724e+006, 0, -0.0298, 10.3333, 7.01061, 0.32125, -9.24226, 2.702
397190, 3.3719e+006, -0, -0.03, 10.3333, 6.82291, -0.0300431, -8.61612, 2.67833
398120, 3.3714e+006, 0, -0.03, 10.3333, 6.67823, -0.614549, -8.02295, 2.62516
399020, 3.3709e+006, -0, -0.0303, 10.3333, 6.66491, -1.15732, -7.04131, 2.61448
399880, 3.3705e+006, 0, -0.0395, 10.3333, 6.66583, -1.9147, -6.03354, 2.57788
400730, 3.3701e+006, -0, -0.0305, 10.3333, 9.43919, -2.96194, -7.9865, 3.42631
401600, 3.3698e+006, 0, -0.0494, 10.3333, 15.119, -4.12818, -4.92807, 5.33299
402130, 3.3697e+006, -0, -0.0498, 10.3333, 12.2019, -6.37285, -0.528479, 4.26144
402300, 3.3696e+006, 0, -0.0513, 10.3333, 11.5938, -7.31616, 1.51175, 4.05419
402460, 3.3696e+006, -0, -0.1275, 10.3333, 11.5343, -7.17847, 2.05251, 4.05143
402600, 3.3696e+006, 0, -0.0513, 10.3333, 10.055, -7.44562, -1.87871, 3.54796
402750, 3.3696e+006, -0, -0.05, 10.3333, 8.35419, -7.40961, -5.81999, 3.02103
403300, 3.3696e+006, 0, -0.0403, 10.3333, 7.30576, -3.43267, -8.51414, 2.6775
404270, 3.3697e+006, -0, -0.04, 10.3333, 6.58765, -0.292101, -5.01989, 2.54366
405240, 3.3697e+006, 0, -0.04, 10.3333, 6.59973, 0.201963, -4.78707, 2.55248
406200, 3.3696e+006, -0, -0.04, 10.3333, 6.60562, 0.361836, -4.6061, 2.55655
407150, 3.3696e+006, 0, -0.0398, 10.3333, 6.61156, 0.891699, -4.6123, 2.56089
408080, 3.3696e+006, -0, -0.0303, 10.3333, 6.5891, 1.78761, -6.26554, 2.5937
409000, 3.3697e+006, 0, -0.0298, 10.3333, 6.56621, 2.30424, -6.56701, 2.63072
409900, 3.3697e+006, -0, -0.0297, 10.3333, 6.57509, 2.12273, -5.87139, 2.63277
410730, 3.3698e+006, 0, -0.0202, 10.3333, 6.57696, 1.62878, -6.39104, 2.65002
411470, 3.3699e+006, -0, -0.0102, 10.3333, 6.66149, 1.47765, -9.14465, 2.64325
394400, 3.3748e+006, 0, -0.0298, 10.3333, 9.57788, -0.0958974, -4.13297, 3.51116
395060, 3.3745e+006, -0, -0.0298, 10.3333, 9.3704, -0.26497, -7.98813, 3.4635
395900, 3.3741e+006, 0, -0.03, 10.3333, 8.78948, -0.46924, -8.43657, 3.32587
396800, 3.3736e+006, -0, -0.03, 10.3333, 8.65202, -0.0420995, -8.58828, 3.28748
397710, 3.373e+006, 0, -0.03, 10.3333, 7.849, 0.227303, -7.83017, 3.01949
398610, 3.3724e+006, -0, -0.03, 10.3333, 7.16245, -0.367903, -7.18989, 2.78036
399440, 3.3719e+006, 0, -0.0302, 10.3333, 7.09899, -0.895456, -6.31636, 2.73183
400200, 3.3715e+006, -0, -0.0302, 10.3333, 7.02812, -1.48972, -5.348, 2.71288
400930, 3.3711e+006, 0, -0.0303, 10.3333, 9.20015, -2.36917, -7.08478, 3.3035
401650, 3.3709e+006, -0, -0.0498, 10.3333, 13.7968, -2.65225, -4.35491, 4.91817
402080, 3.3708e+006, 0, -0.0595, 10.3333, 13.5512, -5.19201, -1.67031, 4.86547
402240, 3.3708e+006, -0, -0.0609, 10.3333, 11.917, -6.49363, 0.186034, 4.30981
402380, 3.3708e+006, 0, -0.1277, 10.3333, 11.3059, -6.54415, 0.417739, 4.1132
402520, 3.3708e+006, -0, -0.0513, 10.3333, 7.8513, -7.51837, -3.34313, 2.98922
402650, 3.3707e+006, 0, -0.0497, 10.3333, 6.69704, -6.94679, -6.67115, 2.66586
403240, 3.3707e+006, -0, -0.0402, 10.3333, 6.13131, -3.6121, -6.95735, 2.34993
404260, 3.3707e+006, 0, -0.04, 10.3333, 6.53487, -1.05198, -5.27591, 2.56629
405260, 3.3707e+006, -0, -0.04, 10.3333, 6.52347, -0.400255, -5.29384, 2.55998
406210, 3.3706e+006, 0, -0.04, 10.3333, 6.52931, 0.0558572, -5.21911, 2.56364
407140, 3.3706e+006, -0, -0.0397, 10.3333, 6.52089, 0.760778, -5.93311, 2.57323
408040, 3.3707e+006, 0, -0.03, 10.3333, 6.49747, 1.84461, -7.42696, 2.5949
408920, 3.3708e+006, -0, -0.0203, 10.3333, 6.47397, 2.46683, -7.8698, 2.65594
409770, 3.3709e+006, 0, -0.0202, 10.3333, 6.46583, 2.86235, -6.97302, 2.71372
410560, 3.371e+006, -0, -0.0197, 10.3333, 6.51458, 2.27044, -5.41713, 2.68105
411310, 3.3711e+006, 0, -0.0102, 10.3333, 6.53813, 1.12997, -7.62574, 2.60609
394820, 3.3758e+006, -0, -0.0203, 10.3333, 13.6554, -3.29812, -8.2103, 4.85076
395500, 3.3754e+006, 0, -0.0205, 10.3333, 13.0243, -2.23869, -7.57969, 4.62451
396360, 3.375e+006, -0, -0.03, 10.3333, 11.165, -2.32646, -8.98651, 4.13791
397250, 3.3744e+006, 0, -0.0302, 10.3333, 11.109, -0.589609, -9.447, 4.13857
398140, 3.3739e+006, -0, -0.0302, 10.3333, 10.5365, 0.984147, -7.11207, 3.8961
399030, 3.3733e+006, 0, -0.0303, 10.3333, 9.08185, -0.274034, -5.91358, 3.37939
399840, 3.3728e+006, -0, -0.0397, 10.3333, 9.00195, -1.06303, -3.74988, 3.33886
400510, 3.3724e+006, 0, -0.0303, 10.3333, 9.00525, -2.63023, -2.34185, 3.34233
401090, 3.3721e+006, -0, -0.0305, 10.3333, 12.6561, -4.97009, -2.66887, 4.54238
401630, 3.3719e+006, 0, -0.0497, 10.3333, 14.2322, -8.33448, -4.44175, 5.12787
401990, 3.3718e+006, -0, -0.0505, 10.3333, 10.5118, -8.60679, -3.89149, 3.99801
402160, 3.3718e+006, 0, -0.0609, 10.3333, 10.9936, -6.79755, -2.17056, 4.1863
402300, 3.3718e+006, -0, -0.1277, 10.3333, 10.544, -6.38518, -1.80062, 4.1385
402440, 3.3718e+006, 0, -0.0513, 10.3333, 7.83974, -6.29569, -4.70396, 3.29419
402560, 3.3718e+006, -0, -0.0497, 10.3333, 7.41018, -4.67096, -7.63534, 3.16441
403200, 3.3717e+006, 0, -0.0402, 10.3333, 6.1311, -3.08188, -6.40675, 2.34972
404290, 3.3716e+006, -0, -0.04, 10.3333, 6.44505, -1.27754, -6.13262, 2.57561
405280, 3.3716e+006, 0, -0.04, 10.3333, 6.43598, -0.65917, -5.94884, 2.56351
406220, 3.3716e+006, -0, -0.0398, 10.3333, 6.44467, -0.134739, -5.88412, 2.56606
407120, 3.3716e+006, 0, -0.0305, 10.3333, 6.43133, 0.299069, -7.01578, 2.59209
407990, 3.3716e+006, -0, -0.0298, 10.3333, 6.40174, 0.861492, -8.24687, 2.60797
408840, 3.3717e+006, 0, -0.0202, 10.3333, 6.382, 1.78167, -9.34084, 2.61783
409690, 3.3718e+006, -0, -0.0198, 10.3333, 6.37602, 4.17104, -9.24149, 2.61925
410450, 3.372e+006, 0, -0.0103, 10.3333, 6.45808, 3.91792, -2.06742, 2.72775
411130, 3.3721e+006, -0, -0.01, 10.3333, 6.49845, 0, 0, 2.67203
395220, 3.3765e+006, 0, -0.0314, 10.3333, 10.846, -5.66577, -7.7328, 4.22298
395880, 3.376e+006, -0, -0.0316, 10.3333, 10.22, -4.6416, -7.47208, 4.04161
396720, 3.3755e+006, 0, -0.0411, 10.3333, 8.9928, -4.63315, -10.159, 3.62009
397590, 3.375e+006, -0, -0.0413, 10.3333, 9.22366, -2.48593, -11.1995, 3.68462
398480, 3.3745e+006, 0, -0.0413, 10.3333, 12.5879, 0.684109, -6.04058, 4.68273
399370, 3.374e+006, -0, -0.0414, 10.3333, 12.5312, -1.30695, -2.55055, 4.47229
400150, 3.3735e+006, 0, -0.0508, 10.3333, 14.5773, -4.88816, 0.725914, 5.28633
400760, 3.3732e+006, -0, -0.05, 10.3333, 12.9618, -8.41496, 2.55443, 4.65056
401210, 3.3729e+006, 0, -0.05, 10.3333, 12.7896, -11.3536, 2.26057, 4.66257
401600, 3.3726e+006, -0, -0.0513, 10.3333, 11.2872, -14.1884, -2.78879, 4.27253
401900, 3.3725e+006, 0, -0.0608, 10.3333, 9.21776, -11.062, -5.56934, 3.67778
402080, 3.3725e+006, -0, -0.0622, 10.3333, 9.21912, -7.80183, -4.53324, 3.67791
402230, 3.3725e+006, 0, -0.1277, 10.3333, 8.61047, -6.0386, -3.88545, 3.54724
402370, 3.3725e+006, -0, -0.0511, 10.3333, 7.34781, -4.98338, -6.62407, 3.18288
402510, 3.3725e+006, 0, -0.05, 10.3333, 7.21144, -3.42137, -9.20391, 3.09065
403200, 3.3725e+006, -0, -0.04, 10.3333, 6.13112, -1.94149, -7.24008, 2.41419
404320, 3.3724e+006, 0, -0.04, 10.3333, 6.34083, -0.711114, -6.54418, 2.57045
405290, 3.3724e+006, -0, -0.04, 10.3333, 6.3538, -0.619817, -6.34422, 2.56443
406210, 3.3724e+006, 0, -0.04, 10.3333, 6.3602, -0.440269, -6.30796, 2.5679
407100, 3.3724e+006, -0, -0.0397, 10.3333, 6.35914, -0.352199, -6.99698, 2.56719
407950, 3.3725e+006, 0, -0.03, 10.3333, 6.33254, -0.553795, -8.57193, 2.60159
408790, 3.3725e+006, -0, -0.0203, 10.3333, 6.318, -0.239734, -9.82479, 2.61033
409640, 3.3725e+006, 0, -0.02, 10.3333, 6.36202, 0.679417, -10.9921, 2.67358
391570, 3.3785e+006, -0, -0.05, 10.3333, 12.5274, 1.25655, 0.0895785, 4.62233
393170, 3.3783e+006, 0, -0.05, 10.3333, 12.7518, 2.12033, -0.475341, 4.75398
394530, 3.3776e+006, -0, -0.0513, 10.3333, 13.5006, 0.74355, -0.421268, 4.90392
395470, 3.3768e+006, 0, -0.1256, 10.3333, 6.70671, -5.21094, -4.795, 2.8049
396120, 3.3764e+006, -0, -0.127, 10.3333, 6.1557, -4.83905, -5.72488, 2.64102
396940, 3.3759e+006, 0, -0.1273, 10.3333, 6.6968, -5.28213, -8.36295, 2.90797
397800, 3.3754e+006, -0, -0.1272, 10.3333, 6.87121, -2.87737, -10.4075, 2.90998
398700, 3.3749e+006, 0, -0.1272, 10.3333, 11.9769, -1.17651, -3.86221, 4.52801
399560, 3.3743e+006, -0, -0.1273, 10.3333, 18.2847, -6.41652, 1.88667, 6.86258
400300, 3.3739e+006, 0, -0.1275, 10.3333, 15.5683, -8.93554, 4.99953, 5.83365
400880, 3.3735e+006, -0, -0.127, 10.3333, 15.5452, -10.3495, 4.95292, 5.87774
401310, 3.3732e+006, 0, -0.127, 10.3333, 13.4787, -11.4452, 3.12236, 5.05048
401630, 3.3731e+006, -0, -0.1287, 10.3333, 12.9132, -11.3452, -0.443571, 4.95143
401850, 3.373e+006, 0, -0.1277, 10.3333, 12.5887, -9.47651, -7.86579, 4.72195
402030, 3.373e+006, -0, -0.1278, 10.3333, 11.0249, -8.55337, -6.45584, 4.23244
402190, 3.373e+006, 0, -0.1287, 10.3333, 10.6451, -6.79544, -5.21676, 4.15025
402330, 3.373e+006, -0, -0.0511, 10.3333, 8.08381, -5.67268, -7.1785, 3.22539
402470, 3.373e+006, 0, -0.05, 10.3333, 7.53426, -4.86895, -9.23522, 3.04302
403170, 3.3731e+006, -0, -0.04, 10.3333, 6.14689, -1.65496, -8.44585, 2.4859
404300, 3.3732e+006, 0, -0.04, 10.3333, 6.27359, -0.548586, -6.47481, 2.56691
405270, 3.3732e+006, -0, -0.04, 10.3333, 6.27926, -0.709216, -6.43818, 2.56458
406190, 3.3733e+006, 0, -0.04, 10.3333, 6.28427, -0.716356, -6.42585, 2.5662
407070, 3.3733e+006, -0, -0.0398, 10.3333, 6.28503, -0.940312, -6.59048, 2.57062
407930, 3.3733e+006, 0, -0.0303, 10.3333, 6.2746, -1.38862, -7.80315, 2.58458
408760, 3.3733e+006, -0, -0.0297, 10.3333, 6.28153, -2.00062, -8.82357, 2.61576
409590, 3.3732e+006, 0, -0.02, 10.3333, 6.32256, -4.79115, -10.0806, 2.61769
410330, 3.3732e+006, -0, -0.0103, 10.3333, 6.34259, 0, 0, 2.53529
404700, 3.3959e+006, 0, -0.04, 10.3333, 6.11973, -6.58316, -11.5273, 2.21712
395590, 3.377e+006, -0, -0.0317, 10.3333, 5.93729, -3.02916, -4.78019, 2.32166
396260, 3.3766e+006, 0, -0.0413, 10.3333, 5.93697, -2.50148, -5.56289, 2.32404
397060, 3.3761e+006, -0, -0.04, 10.3333, 5.93724, -2.63425, -7.54743, 2.36128
397920, 3.3756e+006, 0, -0.0414, 10.3333, 5.93873, -1.31847, -9.97696, 2.36329
398820, 3.3751e+006, -0, -0.0416, 10.3333, 13.1971, 1.7425, -3.13528, 5.05196
399680, 3.3745e+006, 0, -0.0511, 10.3333, 17.2856, -1.0194, -0.777722, 6.30816
400390, 3.3741e+006, -0, -0.0509, 10.3333, 18.0402, -2.12585, 2.15456, 6.60051
400950, 3.3737e+006, 0, -0.05, 10.3333, 16.9058, -2.15376, 1.94433, 6.08524
401370, 3.3735e+006, -0, -0.05, 10.3333, 16.5752, -0.639904, 0.415686, 6.17175
401810, 3.3737e+006, 0, -0.0514, 10.3333, 13.9285, -1.47956, -9.33614, 5.28507
402000, 3.3737e+006, -0, -0.0619, 10.3333, 11.9917, -5.29271, -7.83418, 4.53615
402160, 3.3737e+006, 0, -0.1277, 10.3333, 10.4796, -6.7595, -7.51098, 4.02292
402300, 3.3737e+006, -0, -0.0513, 10.3333, 8.56097, -6.80143, -8.03352, 3.33869
402440, 3.3737e+006, 0, -0.0497, 10.3333, 7.58309, -6.5189, -9.57225, 2.97997
403110, 3.3738e+006, -0, -0.0402, 10.3333, 6.25445, -3.01301, -10.6369, 2.50579
404230, 3.374e+006, 0, -0.04, 10.3333, 6.19283, -1.12969, -6.46295, 2.56516
405220, 3.374e+006, -0, -0.04, 10.3333, 6.21019, -0.924081, -6.43462, 2.5643
406150, 3.3741e+006, 0, -0.04, 10.3333, 6.21469, -0.980906, -6.34228, 2.56461
407050, 3.3741e+006, -0, -0.04, 10.3333, 6.21871, -1.20907, -6.2741, 2.56617
407920, 3.3741e+006, 0, -0.0397, 10.3333, 6.22287, -1.6879, -6.59975, 2.56866
408760, 3.3741e+006, -0, -0.03, 10.3333, 6.2035, -2.67616, -7.70612, 2.61548
409580, 3.374e+006, 0, -0.0202, 10.3333, 6.1866, -4.31369, -8.53208, 2.61806
410320, 3.374e+006, -0, -0.0198, 10.3333, 6.24535, -5.08051, -7.62198, 2.60235
410970, 3.374e+006, 0, -0.02, 10.3333, 6.33209, 0, 0, 2.54836
405390, 3.3969e+006, -0, -0.04, 10.3333, 6.11985, -8.6109, -14.7572, 2.80055
395880, 3.3775e+006, 0, -0.03, 10.3333, 6.16904, -3.65318, -6.38003, 2.62505
396560, 3.3771e+006, -0, -0.0302, 10.3333, 5.93689, -3.67148, -6.96495, 2.53377
397360, 3.3766e+006, 0, -0.0303, 10.3333, 5.93726, -3.75934, -8.24401, 2.52759
398230, 3.3761e+006, -0, -0.0302, 10.3333, 5.93766, -4.18025, -8.85279, 2.52576
401750, 3.3745e+006, 0, -0.05, 10.3333, 12.3736, 0.271156, -12.3281, 4.59848
401940, 3.3746e+006, -0, -0.0516, 10.3333, 13.6216, -0.70502, -7.50066, 5.32489
402100, 3.3746e+006, 0, -0.1275, 10.3333, 12.8784, -3.35908, -8.14432, 4.96839
402260, 3.3746e+006, -0, -0.0514, 10.3333, 9.4828, -5.66003, -8.58413, 3.66438
402400, 3.3746e+006, 0, -0.0498, 10.3333, 8.32962, -5.08691, -9.77235, 3.29294
403050, 3.3747e+006, -0, -0.0402, 10.3333, 6.43079, -2.56276, -12.1142, 2.61395
404150, 3.3748e+006, 0, -0.04, 10.3333, 6.11787, -1.26833, -6.48827, 2.5595
405150, 3.3749e+006, -0, -0.04, 10.3333, 6.14504, -0.981968, -6.35167, 2.56257
406100, 3.375e+006, 0, -0.04, 10.3333, 6.1498, -1.08872, -6.15467, 2.56175
407020, 3.375e+006, -0, -0.04, 10.3333, 6.15471, -1.27796, -5.922, 2.56155
407910, 3.375e+006, 0, -0.0398, 10.3333, 6.15911, -1.67846, -5.80231, 2.56406
408770, 3.375e+006, -0, -0.0302, 10.3333, 6.16374, -2.35545, -6.70329, 2.57839
409600, 3.375e+006, 0, -0.0203, 10.3333, 6.18671, -2.94797, -7.50003, 2.60143
410370, 3.3749e+006, -0, -0.02, 10.3333, 6.16798, -2.48975, -7.32678, 2.62478
411060, 3.3749e+006, 0, -0.02, 10.3333, 6.15643, -1.61306, -7.7111, 2.65842
405880, 3.3979e+006, -0, -0.04, 10.3333, 6.0267, -6.08294, -19.3793, 2.64275
401680, 3.3754e+006, 0, -0.05, 10.3333, 10.278, 1.96531, -15.0881, 4.01363
401840, 3.3754e+006, -0, -0.0606, 10.3333, 11.8224, 0.567349, -10.1362, 4.57505
402010, 3.3754e+006, 0, -0.1278, 10.3333, 12.131, -2.50284, -8.20351, 4.67438
402180, 3.3755e+006, -0, -0.0608, 10.3333, 10.3894, -5.0454, -8.64872, 3.98314
402360, 3.3755e+006, 0, -0.05, 10.3333, 8.26465, -5.9434, -9.09109, 3.16684
402990, 3.3755e+006, -0, -0.0402, 10.3333, 6.17473, -2.81603, -12.166, 2.55602
404050, 3.3757e+006, 0, -0.04, 10.3333, 6.06156, -1.26613, -6.39816, 2.55776
405060, 3.3758e+006, -0, -0.04, 10.3333, 6.08047, -1.00253, -6.12568, 2.55977
406030, 3.3759e+006, 0, -0.04, 10.3333, 6.08473, -1.18863, -5.84961, 2.55844
406970, 3.376e+006, -0, -0.04, 10.3333, 6.08848, -1.37621, -5.55798, 2.55715
407880, 3.376e+006, 0, -0.04, 10.3333, 6.09171, -1.63034, -5.30362, 2.55583
408770, 3.376e+006, -0, -0.0397, 10.3333, 6.0931, -2.10464, -5.46701, 2.55232
409630, 3.376e+006, 0, -0.03, 10.3333, 6.09245, -2.54154, -6.28962, 2.56892
410460, 3.3759e+006, -0, -0.0203, 10.3333, 6.09586, -2.46218, -7.47121, 2.62071
411230, 3.3758e+006, 0, -0.02, 10.3333, 6.15651, -2.26066, -7.84838, 2.63489
406240, 3.399e+006, -0, -0.04, 10.3333, 6.25756, -6.75994, -21.654, 2.86829
396280, 3.3781e+006, 0, -0.0102, 10.3333, 5.92734, -4.95256, -8.24921, 2.85892
396980, 3.3778e+006, -0, -0.02, 10.3333, 5.94113, -5.17145, -8.52738, 2.72691
397790, 3.3774e+006, 0, -0.0298, 10.3333, 5.96521, -4.51332, -8.87603, 2.65539
398710, 3.377e+006, -0, -0.03, 10.3333, 5.99705, -3.84899, -8.51827, 2.63437
401540, 3.3765e+006, 0, -0.0402, 10.3333, 7.61082, 2.1376, -12.8434, 3.01479
401720, 3.3765e+006, -0, -0.0513, 10.3333, 10.3028, 1.97154, -11.3653, 4.07434
401900, 3.3765e+006, 0, -0.1277, 10.3333, 12.4597, -0.649011, -7.72103, 4.94867
402090, 3.3766e+006, -0, -0.0611, 10.3333, 10.6127, -4.38433, -8.14621, 4.16248
402290, 3.3766e+006, 0, -0.0502, 10.3333, 8.43205, -5.12474, -7.98762, 3.35849
402900, 3.3766e+006, -0, -0.0402, 10.3333, 6.22493, -2.24131, -11.3143, 2.55814
403930, 3.3767e+006, 0, -0.04, 10.3333, 6.00051, -1.29394, -6.13071, 2.55648
404950, 3.3768e+006, -0, -0.04, 10.3333, 6.01357, -1.09307, -5.80602, 2.55613
405940, 3.3769e+006, 0, -0.04, 10.3333, 6.01736, -1.23163, -5.44673, 2.55406
406910, 3.377e+006, -0, -0.04, 10.3333, 6.02143, -1.41231, -5.10598, 2.55165
407850, 3.377e+006, 0, -0.04, 10.3333, 6.0259, -1.70411, -4.74511, 2.54912
408770, 3.377e+006, -0, -0.04, 10.3333, 6.02775, -2.10065, -4.51712, 2.54782
409670, 3.377e+006, 0, -0.0397, 10.3333, 6.02581, -2.69462, -5.0354, 2.55494
410560, 3.377e+006, -0, -0.0298, 10.3333, 6.02985, -3.67632, -6.42604, 2.58632
411440, 3.3769e+006, 0, -0.0203, 10.3333, 6.0761, -5.01072, -6.33826, 2.57739
412330, 3.3768e+006, -0, -0.02, 10.3333, 6.15996, 0, 0, 2.51908
406750, 3.4e+006, 0, -0.04, 10.3333, 7.03499, -11.1232, -21.9808, 3.31954
396580, 3.3788e+006, -0, -0.0102, 10.3333, 5.92746, -3.62943, -10.5449, 2.64398
397330, 3.3785e+006, 0, -0.0202, 10.3333, 5.84427, -3.49919, -9.64788, 2.53499
398160, 3.3782e+006, -0, -0.0298, 10.3333, 5.89269, -3.74812, -8.68819, 2.58322
399070, 3.3779e+006, 0, -0.03, 10.3333, 5.94763, -5.15583, -7.26721, 2.57287
400000, 3.3777e+006, -0, -0.03, 10.3333, 6.04516, -3.38289, -2.55008, 2.54069
400820, 3.3777e+006, 0, -0.03, 10.3333, 6.07841, 0.195657, -2.99715, 2.5218
401340, 3.3777e+006, -0, -0.0305, 10.3333, 7.60972, 3.12959, -9.37564, 3.01862
401580, 3.3777e+006, 0, -0.0508, 10.3333, 9.17179, 2.63885, -7.72304, 3.68068
401780, 3.3777e+006, -0, -0.1278, 10.3333, 10.2604, 0.945964, -6.03888, 4.07728
401990, 3.3777e+006, 0, -0.0705, 10.3333, 11.0143, -2.38933, -6.34109, 4.34762
402200, 3.3778e+006, -0, -0.0595, 10.3333, 9.24814, -4.72009, -6.75247, 3.69829
402810, 3.3778e+006, 0, -0.0403, 10.3333, 6.02479, -2.87426, -10.5154, 2.47534
403830, 3.3779e+006, -0, -0.04, 10.3333, 5.93714, -1.1885, -5.66791, 2.54972
404850, 3.3779e+006, 0, -0.04, 10.3333, 5.94854, -0.967167, -5.3094, 2.55023
405850, 3.378e+006, -0, -0.04, 10.3333, 5.95225, -1.15243, -4.93901, 2.54858
406840, 3.3781e+006, 0, -0.04, 10.3333, 5.95672, -1.36897, -4.57502, 2.54606
407810, 3.3781e+006, -0, -0.04, 10.3333, 5.96231, -1.66167, -4.15229, 2.5433
408760, 3.3781e+006, 0, -0.04, 10.3333, 5.96602, -1.96226, -3.85865, 2.54096
409690, 3.3781e+006, -0, -0.0397, 10.3333, 5.95454, -2.05475, -4.77013, 2.54179
410630, 3.3781e+006, 0, -0.0302, 10.3333, 5.94919, -2.14696, -5.76178, 2.5437
411580, 3.3781e+006, -0, -0.0297, 10.3333, 5.9625, -2.10258, -5.32009, 2.54065
412540, 3.378e+006, 0, -0.0202, 10.3333, 5.9509, -1.60064, -6.90685, 2.6454
407420, 3.4008e+006, -0, -0.04, 10.3333, 8.39445, -18.8156, -19.8375, 4.09365
396680, 3.3795e+006, 0, -0.0103, 10.3333, 5.84508, -0.555883, -10.6778, 2.6454
397540, 3.3794e+006, -0, -0.0295, 10.3333, 5.81433, -1.35117, -8.60759, 2.61059
398390, 3.3792e+006, 0, -0.03, 10.3333, 5.83861, -1.85339, -7.69373, 2.5891
399230, 3.379e+006, -0, -0.03, 10.3333, 5.8655, -2.25418, -6.78125, 2.60937
400020, 3.3789e+006, 0, -0.0298, 10.3333, 6.06126, -1.80469, -6.31427, 2.70107
400670, 3.3789e+006, -0, -0.03, 10.3333, 7.34697, -0.596435, -7.45423, 3.09376
401150, 3.3789e+006, 0, -0.0303, 10.3333, 11.1431, 0.42468, -8.85335, 4.47991
401450, 3.3789e+006, -0, -0.05, 10.3333, 12.6735, -0.535763, -5.53556, 5.10718
401650, 3.3789e+006, 0, -0.1275, 10.3333, 10.6962, -2.69709, -4.48516, 4.24316
401860, 3.3789e+006, -0, -0.0609, 10.3333, 10.137, -4.72999, -4.54247, 4.08086
402090, 3.3789e+006, 0, -0.05, 10.3333, 8.18279, -4.73596, -6.05079, 3.33464
402710, 3.379e+006, -0, -0.0402, 10.3333, 5.82423, -2.18072, -9.63874, 2.475
403730, 3.379e+006, 0, -0.04, 10.3333, 5.88083, -1.06914, -5.2478, 2.5515
404760, 3.3791e+006, -0, -0.04, 10.3333, 5.88026, -0.932349, -4.79104, 2.54473
405780, 3.3792e+006, 0, -0.04, 10.3333, 5.88401, -1.06795, -4.45771, 2.54328
406780, 3.3792e+006, -0, -0.04, 10.3333, 5.88877, -1.22024, -4.0941, 2.53995
407760, 3.3793e+006, 0, -0.04, 10.3333, 5.8945, -1.3488, -3.69699, 2.53518
408730, 3.3793e+006, -0, -0.0398, 10.3333, 5.89844, -1.42772, -3.49069, 2.53186
409680, 3.3793e+006, 0, -0.0303, 10.3333, 5.87828, -1.39073, -5.36753, 2.55354
410650, 3.3793e+006, -0, -0.03, 10.3333, 5.88289, -1.3079, -5.47282, 2.53967
411640, 3.3794e+006, 0, -0.0298, 10.3333, 5.90267, -1.19903, -5.02352, 2.52055
412710, 3.3794e+006, -0, -0.0202, 10.3333, 5.90607, -0.887737, -6.74329, 2.64571
408280, 3.4014e+006, 0, -0.04, 10.3333, 8.77623, -27.2717, -13.7807, 4.83001
396620, 3.3803e+006, -0, -0.0105, 10.3333, 5.80385, 0.563409, -9.3555, 2.55677
397570, 3.3803e+006, 0, -0.0295, 10.3333, 5.76757, -0.211497, -7.6809, 2.63017
398430, 3.3802e+006, -0, -0.03, 10.3333, 5.78897, -1.31863, -6.76151, 2.586
399220, 3.3802e+006, 0, -0.0298, 10.3333, 5.84346, -1.69795, -6.55689, 2.64747
399920, 3.3802e+006, -0, -0.0205, 10.3333, 6.45501, -2.25287, -7.20584, 2.85843
400510, 3.3802e+006, 0, -0.03, 10.3333, 7.87068, -2.65283, -8.73185, 3.08437
401000, 3.3802e+006, -0, -0.0398, 10.3333, 9.5064, -2.54158, -10.7861, 3.70376
401340, 3.3802e+006, 0, -0.0509, 10.3333, 10.7725, -2.83024, -6.10099, 4.26864
401560, 3.3802e+006, -0, -0.1275, 10.3333, 10.0709, -3.75272, -4.36915, 4.11832
401770, 3.3802e+006, 0, -0.0511, 10.3333, 8.93188, -5.76883, -3.99626, 3.6359
401970, 3.3802e+006, -0, -0.05, 10.3333, 7.25157, -6.17595, -6.09265, 3.01161
402590, 3.3802e+006, 0, -0.0398, 10.3333, 5.35783, -3.4903, -8.10689, 2.36213
403630, 3.3803e+006, -0, -0.0398, 10.3333, 5.82385, -1.14673, -5.39238, 2.5659
404680, 3.3803e+006, 0, -0.04, 10.3333, 5.80768, -0.900885, -4.4983, 2.5403
405710, 3.3804e+006, -0, -0.04, 10.3333, 5.81329, -0.985177, -4.15773, 2.53864
406720, 3.3804e+006, 0, -0.04, 10.3333, 5.81763, -1.06791, -3.82047, 2.5349
407710, 3.3804e+006, -0, -0.04, 10.3333, 5.82224, -1.10758, -3.50254, 2.52955
408680, 3.3805e+006, 0, -0.0398, 10.3333, 5.82263, -0.981637, -3.51299, 2.52577
409650, 3.3805e+006, -0, -0.0302, 10.3333, 5.8027, -0.848296, -5.56798, 2.55733
410610, 3.3806e+006, 0, -0.03, 10.3333, 5.80985, -0.888601, -5.22285, 2.54473
411600, 3.3806e+006, -0, -0.0298, 10.3333, 5.81894, -0.847579, -4.78957, 2.5272
412660, 3.3807e+006, 0, -0.0202, 10.3333, 5.81538, 0.153942, -6.17191, 2.64426
409280, 3.4017e+006, -0, -0.04, 10.3333, 8.6525, -30.1138, -4.20204, 4.92325
396470, 3.3812e+006, 0, -0.0198, 10.3333, 5.70969, 0.293137, -6.88024, 2.52321
397450, 3.3813e+006, -0, -0.0203, 10.3333, 5.71032, -1.07948, -6.91525, 2.64512
398320, 3.3813e+006, 0, -0.0298, 10.3333, 5.73536, -1.85214, -5.82055, 2.59368
399090, 3.3813e+006, -0, -0.0298, 10.3333, 5.8105, -2.28258, -6.02453, 2.67083
399770, 3.3814e+006, 0, -0.0205, 10.3333, 6.39277, -2.30007, -6.8275, 2.82947
400360, 3.3814e+006, -0, -0.03, 10.3333, 7.94819, -1.67461, -8.22186, 3.36724
400870, 3.3814e+006, 0, -0.04, 10.3333, 10.2517, -1.10662, -11.2623, 4.22849
401240, 3.3815e+006, -0, -0.0511, 10.3333, 12.4667, -2.42929, -7.05728, 5.16337
401480, 3.3815e+006, 0, -0.1273, 10.3333, 11.0716, -3.73223, -4.93754, 4.64112
401680, 3.3815e+006, -0, -0.05, 10.3333, 10.7588, -4.77686, -4.59504, 4.68363
401870, 3.3815e+006, 0, -0.05, 10.3333, 8.68053, -4.07597, -6.14881, 4.01792
402490, 3.3815e+006, -0, -0.0303, 10.3333, 5.35702, -1.98213, -6.82446, 2.36214
403560, 3.3815e+006, 0, -0.0303, 10.3333, 5.73428, -1.15308, -6.08584, 2.60078
404610, 3.3815e+006, -0, -0.0398, 10.3333, 5.7365, -1.03107, -4.6393, 2.53926
405640, 3.3816e+006, 0, -0.04, 10.3333, 5.74294, -0.878206, -4.13277, 2.53517
406660, 3.3816e+006, -0, -0.04, 10.3333, 5.74833, -0.911132, -3.73948, 2.53106
407650, 3.3817e+006, 0, -0.04, 10.3333, 5.75244, -0.960028, -3.44463, 2.5271
408630, 3.3817e+006, -0, -0.0397, 10.3333, 5.74339, -0.645872, -4.11651, 2.53157
409590, 3.3818e+006, 0, -0.0302, 10.3333, 5.73251, -0.329845, -5.27264, 2.5584
410530, 3.3818e+006, -0, -0.03, 10.3333, 5.736, -0.385823, -5.00186, 2.55378
411450, 3.382e+006, 0, -0.0298, 10.3333, 5.74345, -0.247837, -4.60798, 2.54278
412360, 3.3821e+006, -0, -0.0202, 10.3333, 5.73022, 0.980247, -5.72077, 2.66026
410240, 3.4018e+006, 0, -0.04, 10.3333, 8.26929, -23.2228, -5.44125, 4.86446
395520, 3.3822e+006, -0, -0.02, 10.3333, 4.50731, -1.16511, 0.0573477, 2.75453
396260, 3.3822e+006, 0, -0.02, 10.3333, 5.65925, -1.97559, -3.09259, 2.52404
397210, 3.3823e+006, -0, -0.0202, 10.3333, 5.63682, -2.33576, -6.21464, 2.61858
398130, 3.3824e+006, 0, -0.0297, 10.3333, 5.68151, -2.72256, -4.87514, 2.63209
398910, 3.3825e+006, -0, -0.0298, 10.3333, 5.79373, -3.04262, -5.33442, 2.71054
399600, 3.3825e+006, 0, -0.0297, 10.3333, 6.47082, -3.42046, -6.07802, 2.89295
400200, 3.3826e+006, -0, -0.03, 10.3333, 8.11298, -4.01426, -8.32621, 3.3013
400750, 3.3826e+006, 0, -0.0398, 10.3333, 9.68647, -4.51216, -11.269, 3.89878
401140, 3.3827e+006, -0, -0.0509, 10.3333, 11.6996, -5.0887, -8.88906, 4.89347
401380, 3.3827e+006, 0, -0.1273, 10.3333, 11.0451, -5.65216, -6.04646, 4.81037
401590, 3.3827e+006, -0, -0.05, 10.3333, 9.6579, -5.03959, -5.82972, 4.29962
401790, 3.3827e+006, 0, -0.05, 10.3333, 8.66922, -3.91895, -6.86328, 4.17924
402420, 3.3827e+006, -0, -0.0302, 10.3333, 5.35693, -2.12994, -7.0938, 2.37275
403490, 3.3827e+006, 0, -0.0302, 10.3333, 5.6644, -0.997378, -6.60611, 2.60353
404540, 3.3828e+006, -0, -0.0397, 10.3333, 5.65784, -0.837308, -5.29479, 2.55071
405580, 3.3828e+006, 0, -0.04, 10.3333, 5.66967, -0.637469, -4.3496, 2.53358
406590, 3.3828e+006, -0, -0.04, 10.3333, 5.67698, -0.542529, -3.76681, 2.5272
407590, 3.3829e+006, 0, -0.0398, 10.3333, 5.6818, -0.513607, -3.43617, 2.52407
408560, 3.3829e+006, -0, -0.0303, 10.3333, 5.66293, -0.29886, -4.91746, 2.55653
409500, 3.383e+006, 0, -0.03, 10.3333, 5.65971, -0.11159, -5.05102, 2.55919
410410, 3.3831e+006, -0, -0.03, 10.3333, 5.65615, -0.0250962, -4.8506, 2.56705
411260, 3.3832e+006, 0, -0.0298, 10.3333, 5.66009, 0.111805, -4.5165, 2.55883
412040, 3.3834e+006, -0, -0.0202, 10.3333, 5.64848, 1.06541, -5.35266, 2.6539
397030, 3.3833e+006, 0, -0.02, 10.3333, 5.58064, 0, 0, 2.58278
397950, 3.3835e+006, -0, -0.02, 10.3333, 5.59066, -3.08768, -5.193, 2.72406
398740, 3.3836e+006, 0, -0.02, 10.3333, 5.6253, -2.89073, -5.62917, 2.76509
399430, 3.3837e+006, -0, -0.0202, 10.3333, 5.88589, -2.50604, -6.31749, 2.77535
400050, 3.3838e+006, 0, -0.0203, 10.3333, 7.2552, -2.04694, -7.5092, 3.26553
400640, 3.3838e+006, -0, -0.03, 10.3333, 10.459, -2.56909, -9.72477, 4.47285
401040, 3.3838e+006, 0, -0.05, 10.3333, 12.3531, -4.08208, -10.8319, 5.23389
401250, 3.3839e+006, -0, -0.1272, 10.3333, 11.517, -5.02687, -8.10251, 4.97899
401460, 3.3839e+006, 0, -0.05, 10.3333, 10.5372, -4.65622, -7.67951, 4.64887
401670, 3.3839e+006, -0, -0.05, 10.3333, 8.79942, -3.67761, -8.10973, 4.07452
402330, 3.3839e+006, 0, -0.0302, 10.3333, 5.35743, -1.8458, -7.70249, 2.43821
403420, 3.3839e+006, -0, -0.03, 10.3333, 5.58298, -0.667898, -6.79631, 2.60288
404470, 3.3839e+006, 0, -0.0303, 10.3333, 5.57537, -0.596498, -6.16308, 2.5833
405500, 3.384e+006, -0, -0.0397, 10.3333, 5.59002, -0.466599, -5.00299, 2.54244
406520, 3.384e+006, 0, -0.04, 10.3333, 5.60137, -0.202526, -3.94781, 2.52638
407520, 3.3841e+006, -0, -0.0398, 10.3333, 5.60644, 0.0172484, -3.55077, 2.52351
408490, 3.3842e+006, 0, -0.0302, 10.3333, 5.58836, 0.286947, -5.11167, 2.5571
409410, 3.3842e+006, -0, -0.03, 10.3333, 5.58485, 0.316975, -4.93755, 2.5646
410280, 3.3843e+006, 0, -0.0298, 10.3333, 5.57791, 0.101145, -4.77857, 2.59842
411080, 3.3844e+006, -0, -0.0298, 10.3333, 5.5889, -0.664968, -3.97631, 2.56561
411790, 3.3845e+006, 0, -0.0202, 10.3333, 5.58144, -1.47501, -5.19442, 2.64287
412360, 3.3847e+006, -0, -0.02, 10.3333, 5.49017, 0, 0, 2.64578
397870, 3.3847e+006, 0, -0.0102, 10.3333, 5.5456, 0, 0, 2.6779
398620, 3.3848e+006, -0, -0.0103, 10.3333, 5.54196, -3.42511, -7.18216, 2.70142
399290, 3.3849e+006, 0, -0.0198, 10.3333, 5.57608, -2.24166, -7.36362, 2.67883
399920, 3.385e+006, -0, -0.02, 10.3333, 6.11016, -1.48252, -7.31403, 2.88431
400540, 3.385e+006, 0, -0.0203, 10.3333, 8.84956, -1.50852, -8.19138, 3.88725
400930, 3.385e+006, -0, -0.05, 10.3333, 12.2917, -1.88834, -12.3451, 5.26904
401120, 3.3851e+006, 0, -0.127, 10.3333, 11.3207, -3.08059, -9.81645, 4.92251
401330, 3.3851e+006, -0, -0.05, 10.3333, 10.9869, -3.96156, -8.94411, 4.79051
401550, 3.3851e+006, 0, -0.05, 10.3333, 9.54563, -3.47799, -9.02107, 4.21135
402230, 3.3851e+006, -0, -0.03, 10.3333, 5.36773, -1.88133, -8.36659, 2.50017
403320, 3.3851e+006, 0, -0.03, 10.3333, 5.50593, -0.276923, -6.99338, 2.60333
404370, 3.3851e+006, -0, -0.03, 10.3333, 5.50433, -0.16617, -6.6496, 2.58409
405410, 3.3852e+006, 0, -0.0303, 10.3333, 5.51168, -0.187076, -5.94248, 2.57273
406440, 3.3852e+006, -0, -0.0397, 10.3333, 5.52545, -0.00302571, -4.6753, 2.5354
407450, 3.3853e+006, 0, -0.0397, 10.3333, 5.52923, 0.512152, -4.13824, 2.5333
408420, 3.3854e+006, -0, -0.0302, 10.3333, 5.52038, 1.00652, -5.02761, 2.55698
409340, 3.3854e+006, 0, -0.0297, 10.3333, 5.51189, 1.10199, -5.06748, 2.60753
410180, 3.3855e+006, -0, -0.0205, 10.3333, 5.51026, 0.919539, -4.94202, 2.66629
410940, 3.3855e+006, 0, -0.0295, 10.3333, 5.51728, 0.641031, -3.45528, 2.58213
411620, 3.3856e+006, -0, -0.0202, 10.3333, 5.52127, 0.584852, -3.97682, 2.63071
412220, 3.3857e+006, 0, -0.02, 10.3333, 5.43183, 0.415497, -4.67315, 2.72799
398560, 3.3862e+006, -0, -0.0102, 10.3333, 5.45142, 0, 0, 2.53449
399160, 3.3862e+006, 0, -0.0198, 10.3333, 5.41531, -1.57896, -7.87165, 2.67287
399790, 3.3863e+006, -0, -0.02, 10.3333, 5.47131, -0.934228, -7.93657, 2.65973
400450, 3.3863e+006, 0, -0.0202, 10.3333, 6.61856, -0.587525, -7.92828, 3.08775
400870, 3.3863e+006, -0, -0.05, 10.3333, 11.6295, -0.681745, -13.288, 5.1509
401050, 3.3863e+006, 0, -0.127, 10.3333, 11.0982, -1.81817, -11.0651, 4.8189
401250, 3.3863e+006, -0, -0.05, 10.3333, 11.3535, -3.17817, -9.6426, 4.97724
401470, 3.3863e+006, 0, -0.05, 10.3333, 9.88198, -2.95035, -9.93733, 4.35683
402120, 3.3863e+006, -0, -0.0302, 10.3333, 5.6684, -1.2489, -9.67644, 2.64985
403180, 3.3863e+006, 0, -0.03, 10.3333, 5.431, 0.264204, -7.09015, 2.61813
404240, 3.3863e+006, -0, -0.03, 10.3333, 5.43098, 0.203302, -6.72665, 2.58485
405300, 3.3863e+006, 0, -0.03, 10.3333, 5.43776, 0.12672, -6.45283, 2.57153
406350, 3.3864e+006, -0, -0.0302, 10.3333, 5.44478, 0.130422, -5.75512, 2.56326
407380, 3.3865e+006, 0, -0.0302, 10.3333, 5.44665, 0.43936, -5.24766, 2.56653
408380, 3.3865e+006, -0, -0.0298, 10.3333, 5.44378, 0.946401, -5.29233, 2.56776
409320, 3.3866e+006, 0, -0.0203, 10.3333, 5.43844, 1.10153, -5.51885, 2.71165
410160, 3.3866e+006, -0, -0.02, 10.3333, 5.44616, 0.941159, -5.46285, 2.65848
410900, 3.3866e+006, 0, -0.02, 10.3333, 5.45632, 0.840728, -4.67289, 2.71935
411560, 3.3867e+006, -0, -0.0198, 10.3333, 5.5352, 0.849763, -4.29303, 2.82482
412170, 3.3867e+006, 0, -0.0198, 10.3333, 5.51259, 0.518499, -2.58603, 2.55852
399050, 3.3875e+006, -0, -0.0205, 10.3333, 5.31973, -0.00977059, -6.92296, 2.55079
399730, 3.3875e+006, 0, -0.0203, 10.3333, 5.35218, -0.0951545, -7.29074, 2.5837
400430, 3.3875e+006, -0, -0.0202, 10.3333, 6.3621, 0.0375021, -7.55565, 2.98653
400870, 3.3875e+006, 0, -0.05, 10.3333, 10.423, -0.0866875, -12.7047, 4.65739
401050, 3.3875e+006, -0, -0.127, 10.3333, 11.3057, -0.484588, -11.7049, 4.977
401230, 3.3875e+006, 0, -0.05, 10.3333, 11.7959, -2.58949, -10.0922, 5.1868
401410, 3.3875e+006, -0, -0.05, 10.3333, 9.70001, -2.94283, -10.4807, 4.3049
402020, 3.3875e+006, 0, -0.03, 10.3333, 6.17172, -0.946986, -12.3985, 2.81181
403060, 3.3875e+006, -0, -0.0298, 10.3333, 5.38609, 0.573411, -7.13601, 2.6726
404140, 3.3875e+006, 0, -0.03, 10.3333, 5.34969, 0.278483, -6.59729, 2.60623
405220, 3.3875e+006, -0, -0.03, 10.3333, 5.35944, 0.102007, -6.49052, 2.56866
406280, 3.3876e+006, 0, -0.03, 10.3333, 5.36298, 0.200487, -6.37993, 2.56595
407340, 3.3876e+006, -0, -0.03, 10.3333, 5.35977, 0.545185, -6.10864, 2.58078
408390, 3.3877e+006, 0, -0.0297, 10.3333, 5.35336, 0.843173, -5.91456, 2.61672
409380, 3.3877e+006, -0, -0.02, 10.3333, 5.37654, 0.743894, -6.06425, 2.78562
410230, 3.3877e+006, 0, -0.0197, 10.3333, 5.39161, -0.0953826, -5.81529, 2.67809
410940, 3.3877e+006, -0, -0.0103, 10.3333, 5.55546, -1.30904, -6.15349, 2.78052
411570, 3.3877e+006, 0, -0.0102, 10.3333, 6.36468, -1.28984, -8.3308, 3.12375
412150, 3.3877e+006, -0, -0.0102, 10.3333, 5.54995, -0.0294071, -0.871365, 2.60148
399070, 3.3887e+006, 0, -0.04, 10.3333, 5.31672, -0.802064, -5.41371, 2.54126
399760, 3.3887e+006, -0, -0.0394, 10.3333, 5.85057, -1.33814, -5.86738, 2.75034
400450, 3.3886e+006, 0, -0.0209, 10.3333, 9.12515, -1.24471, -7.2593, 4.08187
400880, 3.3886e+006, -0, -0.05, 10.3333, 12.5596, -1.03089, -11.8791, 5.71854
401060, 3.3886e+006, 0, -0.1273, 10.3333, 12.0269, -0.427152, -11.8083, 5.47513
401220, 3.3886e+006, -0, -0.0511, 10.3333, 12.6154, -0.913634, -10.3867, 5.64193
401400, 3.3886e+006, 0, -0.05, 10.3333, 12.091, -1.97032, -10.6572, 5.41742
401990, 3.3886e+006, -0, -0.03, 10.3333, 6.77153, -0.946221, -12.3728, 3.12435
403010, 3.3886e+006, 0, -0.0205, 10.3333, 5.39592, 0.13848, -7.4394, 2.77305
404110, 3.3886e+006, -0, -0.0297, 10.3333, 5.26965, -0.251108, -6.67086, 2.66674
405190, 3.3886e+006, 0, -0.03, 10.3333, 5.27995, -0.425068, -6.57312, 2.57107
406220, 3.3886e+006, -0, -0.03, 10.3333, 5.28239, -0.148254, -6.6794, 2.56713
407300, 3.3887e+006, 0, -0.0297, 10.3333, 5.27072, -0.321027, -6.58116, 2.6366
408410, 3.3888e+006, -0, -0.0202, 10.3333, 5.26487, -1.25759, -6.6383, 2.76923
409530, 3.3888e+006, 0, -0.0103, 10.3333, 5.34063, -2.20361, -8.04188, 2.88475
410400, 3.3889e+006, -0, -0.0102, 10.3333, 5.55991, -4.17216, -2.55348, 2.76252
411020, 3.3888e+006, 0, -0.01, 10.3333, 6.46505, -8.05659, -3.21051, 3.02701
411600, 3.3888e+006, -0, -0.0102, 10.3333, 8.03963, -5.57326, -18.0597, 3.37009
399200, 3.3899e+006, 0, -0.0209, 10.3333, 5.53728, -1.60566, -4.61903, 2.65079
399860, 3.3898e+006, -0, -0.0303, 10.3333, 8.06873, -3.60584, -3.91494, 3.65933
400480, 3.3897e+006, 0, -0.0398, 10.3333, 12.1723, -4.84575, -7.00672, 5.56641
400880, 3.3896e+006, -0, -0.0603, 10.3333, 13.4478, -4.64416, -13.7739, 6.26838
401050, 3.3896e+006, 0, -0.1278, 10.3333, 13.8943, -4.24918, -14.0919, 6.67496
401210, 3.3896e+006, -0, -0.0608, 10.3333, 13.6934, -3.71911, -12.3591, 6.35466
401390, 3.3896e+006, 0, -0.0498, 10.3333, 13.0202, -2.58139, -12.2909, 6.02165
401970, 3.3896e+006, -0, -0.0302, 10.3333, 7.88931, -0.481804, -10.2488, 3.7101
403010, 3.3896e+006, 0, -0.0202, 10.3333, 5.49151, 0.117785, -7.43452, 2.80222
404120, 3.3895e+006, -0, -0.0203, 10.3333, 5.26106, -0.55389, -7.09984, 2.75898
405170, 3.3895e+006, 0, -0.0298, 10.3333, 5.20381, -0.910255, -6.88341, 2.58378
406170, 3.3896e+006, -0, -0.0298, 10.3333, 5.19518, -0.924222, -6.78787, 2.59283
407230, 3.3897e+006, 0, -0.0203, 10.3333, 5.17912, -2.35635, -6.8508, 2.75814
408370, 3.3898e+006, -0, -0.0197, 10.3333, 5.22938, -5.3083, -7.60629, 2.86355
409600, 3.3898e+006, 0, -0.0102, 10.3333, 5.44744, -3.2383, -14.2228, 2.6901
411580, 3.3899e+006, -0, -0.0197, 10.3333, 8.42595, -2.46471, -17.9886, 3.84788
412040, 3.3899e+006, 0, -0.02, 10.3333, 5.84816, -2.38859, -5.66271, 2.83137
399320, 3.3908e+006, -0, -0.0397, 10.3333, 5.53334, 0.164641, -2.31442, 2.46914
399990, 3.3906e+006, 0, -0.0398, 10.3333, 7.68796, 0.126794, -1.79919, 3.36504
400540, 3.3905e+006, -0, -0.0402, 10.3333, 16.1186, -4.42014, -6.76572, 7.65705
400870, 3.3905e+006, 0, -0.0513, 10.3333, 16.7337, -8.43314, -15.6771, 8.18472
401050, 3.3904e+006, -0, -0.1277, 10.3333, 16.1299, -7.885, -19.6184, 7.97657
401210, 3.3904e+006, 0, -0.0609, 10.3333, 12.9677, -6.50172, -17.3456, 6.09284
401400, 3.3904e+006, -0, -0.0591, 10.3333, 13.6635, -6.63403, -15.3589, 6.46958
402000, 3.3904e+006, 0, -0.0302, 10.3333, 8.57586, -2.86197, -10.0183, 3.90951
403000, 3.3904e+006, -0, -0.0202, 10.3333, 5.9147, -0.4362, -6.97107, 2.99814
404100, 3.3904e+006, 0, -0.0202, 10.3333, 5.57266, -0.447707, -7.35575, 2.84324
405140, 3.3904e+006, -0, -0.0298, 10.3333, 5.20341, -0.550913, -7.15418, 2.64696
406110, 3.3904e+006, 0, -0.0297, 10.3333, 5.12811, -1.67127, -6.49012, 2.66632
407150, 3.3905e+006, -0, -0.02, 10.3333, 5.12855, -4.52943, -6.67407, 2.769
408280, 3.3906e+006, 0, -0.0103, 10.3333, 5.31804, -10.551, -9.14675, 2.84393
409540, 3.3907e+006, -0, -0.0103, 10.3333, 5.90971, -16.0287, -15.3202, 2.71152
410490, 3.3907e+006, 0, -0.0298, 10.3333, 6.72738, -12.3727, -1.45724, 3.14317
411040, 3.3907e+006, -0, -0.0394, 10.3333, 8.58205, -5.85427, -2.37032, 4.00823
411550, 3.3907e+006, 0, -0.0116, 10.3333, 10.3703, -1.7318, -11.7502, 4.96241
412020, 3.3908e+006, -0, -0.0198, 10.3333, 9.12379, 0.494411, -10.1131, 4.15524
400630, 3.391e+006, 0, -0.0402, 10.3333, 16.7434, -2.22237, -3.27437, 8.00416
400900, 3.391e+006, -0, -0.0511, 10.3333, 19.8255, -6.19823, -7.85088, 9.66697
401080, 3.391e+006, 0, -0.1275, 10.3333, 18.454, -7.51768, -24.0889, 9.22979
401220, 3.391e+006, -0, -0.0513, 10.3333, 13.8476, -7.20612, -21.267, 6.67284
401450, 3.391e+006, 0, -0.05, 10.3333, 12.6519, -4.53756, -17.101, 5.99411
402060, 3.3911e+006, -0, -0.0206, 10.3333, 9.04515, -0.322121, -11.3364, 4.1755
403020, 3.3911e+006, 0, -0.0198, 10.3333, 6.58901, -0.247267, -7.12569, 3.21512
404090, 3.3912e+006, -0, -0.0202, 10.3333, 6.82101, -0.685598, -8.02444, 3.30142
405110, 3.3912e+006, 0, -0.0295, 10.3333, 5.58807, -0.315204, -7.71798, 2.86403
406060, 3.3912e+006, -0, -0.0202, 10.3333, 5.1562, -2.72037, -6.25339, 2.82197
407080, 3.3912e+006, 0, -0.0197, 10.3333, 5.0709, -8.12813, -6.07594, 2.79437
408190, 3.3913e+006, -0, -0.0102, 10.3333, 5.16485, -14.1444, -10.3256, 2.75517
409460, 3.3913e+006, 0, -0.0105, 10.3333, 5.77611, -13.614, -9.74703, 2.95206
410450, 3.3914e+006, -0, -0.0298, 10.3333, 8.28875, -8.02747, -1.8416, 3.84275
411030, 3.3914e+006, 0, -0.0402, 10.3333, 10.1927, -6.60941, -2.30899, 4.93925
411550, 3.3914e+006, -0, -0.0583, 10.3333, 9.95454, -2.46377, -14.0761, 4.81744
412020, 3.3914e+006, 0, -0.0206, 10.3333, 8.93929, -1.79696, -4.53438, 3.86534
412530, 3.3914e+006, -0, -0.02, 10.3333, 5.32689, -2.25407, -0.123449, 2.12236
401090, 3.3917e+006, 0, -0.1287, 10.3333, 18.8531, -0.582477, -24.7833, 9.57576
401230, 3.3917e+006, -0, -0.0516, 10.3333, 17.4093, -3.9778, -21.1003, 8.6149
401510, 3.3917e+006, 0, -0.0497, 10.3333, 13.2077, -5.29848, -14.34, 6.30499
402130, 3.3918e+006, -0, -0.0298, 10.3333, 9.47091, -3.21719, -13.6195, 4.35153
403050, 3.3919e+006, 0, -0.0106, 10.3333, 8.41404, -1.28306, -8.00016, 3.72329
404090, 3.3919e+006, -0, -0.0198, 10.3333, 9.1502, -0.640193, -9.95868, 4.17622
405080, 3.392e+006, 0, -0.02, 10.3333, 7.10852, -0.00284463, -8.78168, 3.43571
406020, 3.3919e+006, -0, -0.0103, 10.3333, 5.63761, -2.67734, -6.58589, 2.96406
407040, 3.3919e+006, 0, -0.0102, 10.3333, 5.01281, -9.30825, -4.27826, 2.746
408150, 3.3919e+006, -0, -0.0102, 10.3333, 4.95624, -16.629, -5.87399, 2.6524
409380, 3.392e+006, 0, -0.0198, 10.3333, 4.95821, -9.3011, -10.025, 2.66601
411550, 3.3922e+006, -0, -0.06, 10.3333, 9.83303, 0.360894, -15.4189, 4.81088
401070, 3.3926e+006, 0, -0.1291, 10.3333, 18.2896, 2.68275, -26.1526, 9.42459
401220, 3.3926e+006, -0, -0.0706, 10.3333, 19.3274, 1.94963, -23.4144, 9.80303
401580, 3.3926e+006, 0, -0.0595, 10.3333, 14.539, -1.45392, -5.95366, 7.03336
402230, 3.3926e+006, -0, -0.0302, 10.3333, 10.0524, -5.94483, -13.0644, 4.63831
403090, 3.3927e+006, 0, -0.0113, 10.3333, 9.21163, -3.20057, -6.61282, 4.23921
404090, 3.3927e+006, -0, -0.0203, 10.3333, 9.863, 0.942402, -10.7387, 4.83697
405060, 3.3927e+006, 0, -0.0198, 10.3333, 9.0518, 2.3614, -8.36303, 4.13061
406020, 3.3927e+006, -0, -0.0102, 10.3333, 6.71576, 0.5223, -6.42671, 3.21478
407030, 3.3926e+006, 0, -0.01, 10.3333, 5.22426, -0.193622, -4.16278, 2.62254
409250, 3.3926e+006, -0, -0.0298, 10.3333, 5.36769, 2.0791, -10.9523, 2.90069
411480, 3.3933e+006, 0, -0.06, 10.3333, 9.68173, 1.72617, -15.4684, 4.83715
400920, 3.3934e+006, -0, -0.1292, 10.3333, 17.6591, 8.61321, -27.0075, 9.26025
401090, 3.3935e+006, 0, -0.115, 10.3333, 17.2567, -0.616956, -27.2756, 9.1969
402350, 3.3936e+006, -0, -0.0305, 10.3333, 6.04846, -2.01105, -5.63449, 2.77407
403170, 3.3936e+006, 0, -0.0586, 10.3333, 9.88375, -2.89565, -6.28564, 4.88836
404120, 3.3936e+006, -0, -0.0494, 10.3333, 8.89135, 1.29797, -13.1168, 4.29325
405090, 3.3935e+006, 0, -0.0203, 10.3333, 9.79873, 5.1155, -3.90889, 4.72814
406040, 3.3935e+006, -0, -0.0102, 10.3333, 8.62637, 3.72053, -3.11082, 3.88371
407010, 3.3934e+006, 0, -0.01, 10.3333, 5.71784, 1.1787, -2.253, 2.77903
409130, 3.3933e+006, -0, -0.03, 10.3333, 6.75871, 1.27751, -13.5885, 3.41242
411260, 3.3945e+006, 0, -0.06, 10.3333, 9.52826, 3.6918, -16.3443, 4.83805
399780, 3.3997e+006, -0, -0.01, 10.3333, 6.87191, 0.297238, -0.102134, 3.29517
400740, 3.3943e+006, 0, -0.1298, 10.3333, 16.3524, 7.09681, -28.7811, 8.85163
400890, 3.3944e+006, -0, -0.1195, 10.3333, 16.6788, -2.66266, -29.9285, 8.83736
403340, 3.3945e+006, 0, -0.06, 10.3333, 8.74569, -3.09339, -9.1174, 4.37222
404180, 3.3943e+006, -0, -0.0598, 10.3333, 7.08955, -2.21729, -15.1504, 3.20005
409200, 3.3943e+006, 0, -0.03, 10.3333, 8.68309, -1.6037, -17.8708, 4.17233
410860, 3.3958e+006, -0, -0.06, 10.3333, 9.34858, 4.80097, -17.4541, 4.85223
399170, 3.3997e+006, 0, -0.01, 10.3333, 4.88755, 0.0203643, 0.00248963, 2.7278
400680, 3.3954e+006, -0, -0.1298, 10.3333, 14.3722, 2.31935, -31.3624, 8.01004
400820, 3.3954e+006, 0, -0.1202, 10.3333, 15.0054, 0.563396, -33.2706, 8.26814
402560, 3.3959e+006, -0, -0.0406, 10.3333, 5.8417, 1.14907, -2.13509, 2.72133
403570, 3.3953e+006, 0, -0.0597, 10.3333, 7.92307, -1.50221, -9.53801, 3.91851
404270, 3.3951e+006, -0, -0.06, 10.3333, 6.41814, -3.05435, -12.6649, 2.77333
409480, 3.3953e+006, 0, -0.03, 10.3333, 9.55435, -7.07151, -19.8426, 4.94149
410150, 3.3969e+006, -0, -0.0698, 10.3333, 8.89419, 1.04932, -16.9582, 4.8446
410550, 3.3969e+006, 0, -0.0602, 10.3333, 9.08213, 3.57204, -14.0443, 4.85354
398590, 3.3996e+006, -0, -0.01, 10.3333, 4.7647, -0.549578, -0.276616, 2.72843
400620, 3.3964e+006, 0, -0.1298, 10.3333, 12.3119, 2.16873, -31.2102, 7.1453
400770, 3.3965e+006, -0, -0.1202, 10.3333, 13.338, 7.4711, -32.6226, 7.48067
402950, 3.3966e+006, 0, -0.0597, 10.3333, 9.41763, -1.4857, -2.50449, 4.99074
403810, 3.396e+006, -0, -0.06, 10.3333, 9.41763, -3.235, -7.92727, 4.98139
409880, 3.3961e+006, 0, -0.03, 10.3333, 9.28011, -8.88973, -15.998, 4.8903
410080, 3.3977e+006, -0, -0.0698, 10.3333, 8.74824, 4.29765, -22.9496, 4.84394
410450, 3.3977e+006, 0, -0.0602, 10.3333, 9.092, 1.93826, -4.83905, 4.80344
398110, 3.3993e+006, -0, -0.01, 10.3333, 4.61514, 1.3119, 1.12501, 2.72494
400500, 3.3974e+006, 0, -0.1298, 10.3333, 11.3591, 1.03444, -31.2682, 6.75337
400650, 3.3975e+006, -0, -0.1202, 10.3333, 11.8452, 8.22093, -32.4181, 6.75808
403330, 3.3972e+006, 0, -0.06, 10.3333, 9.20528, -1.74475, -3.33107, 4.81976
404090, 3.3967e+006, -0, -0.06, 10.3333, 8.19739, -4.33884, -9.44725, 4.15149
410050, 3.3987e+006, 0, -0.07, 10.3333, 8.67575, -1.04537, -25.4529, 4.87654
397960, 3.399e+006, -0, -0.01, 10.3333, 3.87675, 0.232168, -0.995747, 3.33771
400370, 3.3984e+006, 0, -0.1298, 10.3333, 9.61944, 2.01114, -31.4406, 6.04229
400520, 3.3984e+006, -0, -0.12, 10.3333, 10.0739, 7.88808, -33.6788, 5.89964
410220, 3.3998e+006, 0, -0.07, 10.3333, 8.10307, -4.98945, -23.1493, 4.84567
402590, 3.4012e+006, -0, -0.05, 10.3333, 6.98764, -3.87774, -15.023, 3.68941
402730, 3.4e+006, 0, -0.05, 10.3333, 7.48897, 4.7434, -25.3957, 4.4019
403010, 3.3986e+006, -0, -0.05, 10.3333, 8.04344, 10.7949, -18.4328, 4.58812
403650, 3.3977e+006, 0, -0.05, 10.3333, 8.96954, 9.57588, -9.49912, 4.88518
404350, 3.3972e+006, -0, -0.0497, 10.3333, 7.671, -0.59928, -9.83783, 4.09902
397960, 3.3985e+006, 0, -0.01, 10.3333, 1.99079, -0.467249, -2.26529, 5.9586
400110, 3.3992e+006, -0, -0.0119, 10.3333, 8.47297, -1.57949, -0.464783, 5.55753
400240, 3.3993e+006, 0, -0.1278, 10.3333, 8.29486, -0.900648, -30.5687, 5.53912
400410, 3.3993e+006, -0, -0.1103, 10.3333, 8.43087, 7.29922, -35.5013, 5.2039
410630, 3.401e+006, 0, -0.07, 10.3333, 7.27433, -10.2788, -23.4885, 4.84735
402920, 3.4032e+006, -0, -0.0103, 10.3333, 4.53657, -2.40232, -2.14675, 2.25576
403120, 3.4022e+006, 0, -0.03, 10.3333, 4.5366, -1.43068, -4.85897, 2.25589
403330, 3.4015e+006, -0, -0.0497, 10.3333, 7.24961, -10.4499, -6.53378, 3.68877
404640, 3.3978e+006, 0, -0.03, 10.3333, 4.87111, -2.27207, -3.94411, 2.55053
400180, 3.4001e+006, -0, -0.1295, 10.3333, 6.88568, -0.834452, -27.6829, 5.086
400350, 3.4001e+006, 0, -0.1003, 10.3333, 7.13397, 5.34914, -37.6785, 4.74006
411050, 3.4022e+006, -0, -0.0503, 10.3333, 7.65324, -8.44408, -4.86271, 4.80426
411290, 3.402e+006, 0, -0.0697, 10.3333, 6.82349, -27.8124, -26.8525, 4.83462
404070, 3.4035e+006, -0, -0.0103, 10.3333, 4.72098, -2.70485, -0.792152, 2.60301
404290, 3.4026e+006, 0, -0.03, 10.3333, 5.28783, -2.6459, -0.393958, 2.62102
404480, 3.4019e+006, -0, -0.0497, 10.3333, 8.89635, -11.2226, -4.19895, 4.9787
405020, 3.3985e+006, 0, -0.0103, 10.3333, 4.73809, -0.834637, -1.22454, 2.38766
399960, 3.4008e+006, -0, -0.1005, 10.3333, 3.74037, 0.379029, -4.46773, 6.27133
400200, 3.4008e+006, 0, -0.1277, 10.3333, 6.11771, 1.17097, -25.0008, 4.78526
400380, 3.4008e+006, -0, -0.085, 10.3333, 7.20324, -9.71317, -30.0437, 4.73921
411810, 3.4027e+006, 0, -0.07, 10.3333, 6.82416, -15.1493, -48.5669, 4.84046
405410, 3.4026e+006, -0, -0.05, 10.3333, 7.90341, -14.4944, -12.3727, 4.78676
400420, 3.4017e+006, 0, -0.085, 10.3333, 6.27552, -5.24216, -27.5899, 4.77695
400600, 3.4016e+006, -0, -0.085, 10.3333, 7.4078, -13.528, -24.0346, 4.74953
411750, 3.4034e+006, 0, -0.07, 10.3333, 6.74754, 18.5352, -42.1077, 4.82852
406020, 3.4035e+006, -0, -0.0497, 10.3333, 7.61003, -13.3066, -23.8066, 4.83287
400820, 3.4027e+006, 0, -0.06, 10.3333, 5.81364, -18.3403, -34.4212, 4.86765
400970, 3.4026e+006, -0, -0.06, 10.3333, 6.88431, -9.3392, -35.1658, 4.833
411130, 3.4042e+006, 0, -0.0503, 10.3333, 3.85535, 3.87032, -24.3473, 4.82987
411500, 3.4042e+006, -0, -0.0697, 10.3333, 6.85007, 7.45843, -33.2197, 4.81622
406590, 3.4044e+006, 0, -0.05, 10.3333, 6.69651, -21.4661, -26.3692, 4.82557
401230, 3.4035e+006, -0, -0.06, 10.3333, 5.87001, -22.1823, -40.6099, 4.85933
401360, 3.4034e+006, 0, -0.06, 10.3333, 6.91083, -16.1389, -42.3775, 4.89561
411550, 3.4052e+006, -0, -0.0698, 10.3333, 7.85785, -5.03125, -28.8322, 4.82064
407410, 3.4049e+006, 0, -0.0595, 10.3333, 5.81402, -33.1583, -13.438, 4.81791
401660, 3.4043e+006, -0, -0.06, 10.3333, 6.3744, -21.326, -42.7949, 4.83592
401790, 3.4042e+006, 0, -0.06, 10.3333, 6.35702, -29.6573, -41.721, 4.75206
401870, 3.4042e+006, -0, -0.06, 10.3333, 7.07884, 2.61827, 2.85575, 4.76799
411800, 3.4061e+006, 0, -0.06, 10.3333, 7.00174, -9.41604, -33.5506, 4.81245
408620, 3.4049e+006, -0, -0.0598, 10.3333, 3.96244, -35.1576, 6.03019, 4.81693
402170, 3.4051e+006, 0, -0.06, 10.3333, 6.63475, -25.7843, -39.1673, 4.8964
402300, 3.405e+006, -0, -0.06, 10.3333, 6.59111, -29.2085, -42.4952, 4.90207
412010, 3.4071e+006, 0, -0.0502, 10.3333, 7.00309, -6.95599, -42.2221, 4.81716
409730, 3.4043e+006, -0, -0.0502, 10.3333, 2.86153, -27.0387, 24.1513, 4.82054
402770, 3.4059e+006, 0, -0.06, 10.3333, 6.66117, -27.4591, -29.5519, 4.80937
402900, 3.4058e+006, -0, -0.0598, 10.3333, 6.17581, -35.2441, -36.2178, 4.8082
411510, 3.4089e+006, 0, -0.05, 10.3333, 7.67219, -6.93999, -10.7102, 4.79242
411870, 3.4088e+006, -0, -0.05, 10.3333, 7.09826, -5.57957, 1.2944, 4.80865
412190, 3.4087e+006, 0, -0.05, 10.3333, 6.63613, -11.3508, -60.2755, 4.81691
410510, 3.4036e+006, -0, -0.05, 10.3333, 2.96255, -27.648, 22.2668, 4.83397
403670, 3.4062e+006, 0, -0.0502, 10.3333, 6.17667, -44.1877, -21.331, 4.85024
412370, 3.4102e+006, -0, -0.05, 10.3333, 6.57945, -7.34006, -65.874, 4.81953
411040, 3.4035e+006, 0, -0.05, 10.3333, 3.42248, -17.0297, -22.6356, 4.83019
404500, 3.4065e+006, -0, -0.05, 10.3333, 5.95136, -38.6623, -27.2648, 4.82703
412560, 3.4115e+006, 0, -0.05, 10.3333, 6.36171, -6.14771, -51.8834, 4.81741
402270, 3.4046e+006, -0, -0.06, 10.3333, 7.07796, 6.81197, -0.810213, 4.75804
405040, 3.4072e+006, 0, -0.05, 10.3333, 5.95216, -14.767, -46.473, 4.84609
412780, 3.4127e+006, -0, -0.05, 10.3333, 6.10223, -9.88685, -46.8934, 4.81797
402290, 3.4041e+006, 0, -0.06, 10.3333, 7.91606, 0.629861, 6.92528, 4.83482
405160, 3.4081e+006, -0, -0.0502, 10.3333, 5.78973, 2.07388, -48.5202, 4.83788
413350, 3.4138e+006, 0, -0.05, 10.3333, 6.0043, -25.5328, -40.8304, 4.81944
401950, 3.403e+006, -0, -0.06, 10.3333, 7.68551, -1.0866, -4.00629, 4.75616
405150, 3.4088e+006, 0, -0.06, 10.3333, 5.83835, -15.8077, -12.2174, 4.84196
405300, 3.4087e+006, -0, -0.0598, 10.3333, 5.69739, -40.8172, -53.1909, 4.84917
414070, 3.4149e+006, 0, -0.05, 10.3333, 5.58166, -23.977, -45.1663, 4.81927
402090, 3.4018e+006, -0, -0.06, 10.3333, 6.98265, 0.437608, -0.278567, 4.87706
405790, 3.4091e+006, 0, -0.06, 10.3333, 5.69857, -72.6905, -37.9849, 4.8432
414410, 3.4158e+006, -0, -0.05, 10.3333, 5.58331, -13.5688, -54.322, 4.8197
406620, 3.4095e+006, 0, -0.06, 10.3333, 5.59855, -69.4838, -31.5475, 4.84695
414560, 3.4168e+006, -0, -0.05, 10.3333, 5.28392, -1.29745, -57.424, 4.82028
407730, 3.4099e+006, 0, -0.06, 10.3333, 5.5009, -71.9144, -20.7417, 4.84652
414510, 3.4179e+006, -0, -0.05, 10.3333, 5.24792, 14.7194, -54.3258, 4.82217
408900, 3.4102e+006, 0, -0.06, 10.3333, 5.36653, -68.9551, -24.5271, 4.84595
414040, 3.4189e+006, -0, -0.05, 10.3333, 4.85433, 30.446, -49.2706, 4.82388
409590, 3.4109e+006, 0, -0.06, 10.3333, 5.22579, -17.9417, -63.6863, 4.84671
413400, 3.4199e+006, -0, -0.05, 10.3333, 4.66945, 32.2572, -55.5107, 4.82567
412990, 3.4217e+006, 0, -0.05, 10.3333, 4.62941, -0.57843, -33.501, 4.82531
409510, 3.4119e+006, -0, -0.06, 10.3333, 5.08557, 21.6765, -53.5748, 4.84666
412920, 3.4208e+006, 0, -0.05, 10.3333, 4.44184, 23.4052, -55.9638, 4.82503
413180, 3.421e+006, -0, -0.05, 10.3333, 5.50641, 3.50254, -15.7874, 4.8117
413330, 3.4222e+006, 0, -0.05, 10.3333, 4.63084, -26.0556, -26.8232, 4.81666
408840, 3.413e+006, -0, -0.06, 10.3333, 4.86314, 35.1677, -42.4405, 4.84657
412350, 3.4216e+006, 0, -0.05, 10.3333, 3.63338, 37.3014, -38.3609, 4.83116
413730, 3.4228e+006, -0, -0.05, 10.3333, 4.22692, -10.8746, -40.4787, 4.82491
407680, 3.4139e+006, 0, -0.06, 10.3333, 4.53815, 43.7527, -33.614, 4.84838
411820, 3.4223e+006, -0, -0.05, 10.3333, 3.5577, 22.5763, -51.9889, 4.83299
413690, 3.4234e+006, 0, -0.05, 10.3333, 4.22893, 6.21857, -44.0223, 4.82112
406390, 3.4147e+006, -0, -0.06, 10.3333, 4.19603, 41.7018, -36.3241, 4.84754
411560, 3.4232e+006, 0, -0.05, 10.3333, 2.8074, 19.1208, -56.9516, 4.83887
413910, 3.4239e+006, -0, -0.05, 10.3333, 3.90334, -38.3046, -22.9385, 4.82706
403090, 3.4067e+006, 0, -0.08, 10.3333, 6.55739, -4.83504, -36.4141, 4.88574
405770, 3.4158e+006, -0, -0.06, 10.3333, 3.87658, 6.66263, -55.8819, 4.8445
410940, 3.4241e+006, 0, -0.05, 10.3333, 2.34032, 49.8473, -39.4393, 4.84775
414750, 3.4239e+006, -0, -0.05, 10.3333, 3.87651, -46.1712, 2.50828, 4.8225
403020, 3.4074e+006, 0, -0.08, 10.3333, 6.16834, 3.7291, -41.4489, 4.83679
406010, 3.417e+006, -0, -0.06, 10.3333, 3.62166, -23.3063, -51.3442, 4.8342
410190, 3.4248e+006, 0, -0.05, 10.3333, 1.5142, 40.0162, -57.0441, 4.87471
415800, 3.424e+006, -0, -0.05, 10.3333, 3.45045, -45.7456, -20.0431, 4.82516
403180, 3.4081e+006, 0, -0.08, 10.3333, 6.10244, -25.4874, -38.096, 4.85417
406660, 3.418e+006, -0, -0.06, 10.3333, 3.29157, -36.6334, -43.9195, 4.80847
409560, 3.4257e+006, 0, -0.05, 10.3333, 1.26091, 57.3296, -46.0113, 4.92111
416370, 3.4246e+006, -0, -0.05, 10.3333, 3.39878, -10.563, -50.9879, 4.82342
403870, 3.4085e+006, 0, -0.08, 10.3333, 6.00686, -42.6572, -4.9273, 4.84832
407540, 3.4188e+006, -0, -0.06, 10.3333, 3.0066, -49.3211, -40.7488, 4.75622
408590, 3.4262e+006, 0, -0.05, 10.3333, 0.807803, 73.5245, -17.9253, 5.04559
416090, 3.4254e+006, -0, -0.05, 10.3333, 3.3586, 30.7831, -41.7902, 4.82503
404640, 3.4085e+006, 0, -0.08, 10.3333, 5.83767, -36.6479, -13.6571, 4.84253
408150, 3.4197e+006, -0, -0.06, 10.3333, 2.69677, -19.0533, -76.7045, 4.67135
407980, 3.4265e+006, 0, -0.05, 10.3333, 0.660247, 5.12962, -77.3737, 5.30196
415420, 3.426e+006, -0, -0.05, 10.3333, 3.37906, 32.6797, -40.7135, 4.82709
408040, 3.4208e+006, 0, -0.06, 10.3333, 2.67059, 26.0762, -83.6354, 4.64819
408090, 3.4274e+006, -0, -0.05, 10.3333, 0.624678, -23.1369, -72.0466, 5.42671
415190, 3.4265e+006, 0, -0.05, 10.3333, 3.44176, -21.1197, -47.3562, 4.82734
408010, 3.4219e+006, -0, -0.06, 10.3333, 2.32808, -8.57183, -81.1707, 4.57373
408440, 3.4285e+006, 0, -0.05, 10.3333, 0.352134, -14.7709, -73.0764, 6.05505
415780, 3.4269e+006, -0, -0.05, 10.3333, 3.49834, -44.3324, -31.2044, 4.82669
407890, 3.4227e+006, 0, -0.06, 10.3333, 2.33001, 42.8692, -58.798, 4.57563
408410, 3.4298e+006, -0, -0.05, 10.3333, 0.280256, 22.5475, -70.9668, 6.94363
416530, 3.4275e+006, 0, -0.05, 10.3333, 3.58936, -37.0831, -51.3586, 4.82405
407210, 3.4235e+006, -0, -0.06, 10.3333, 2.02375, 43.1707, -54.3006, 4.55505
408100, 3.4308e+006, 0, -0.05, 10.3333, 0.097762, 13.3441, -74.3217, 8.24109
416680, 3.4283e+006, -0, -0.05, 10.3333, 3.53181, 18.1241, -72.1954, 4.82298
406700, 3.4245e+006, 0, -0.06, 10.3333, 1.96045, 28.1714, -67.4206, 4.58742
408470, 3.4312e+006, -0, -0.05, 10.3333, 0.098, -51.1249, -55.7741, 8.23082
416000, 3.4288e+006, 0, -0.05, 10.3333, 3.34519, 72.6175, -28.455, 4.82737
406240, 3.4255e+006, -0, -0.06, 10.3333, 1.68963, 44.0298, -65.7649, 4.61825
409100, 3.4318e+006, 0, -0.05, 10.3333, 0.027256, -8.61858, -71.9827, 9.62121
415050, 3.4291e+006, -0, -0.05, 10.3333, 2.99307, 56.7124, -41.637, 4.83383
405450, 3.4265e+006, 0, -0.06, 10.3333, 1.65113, 45.3577, -67.5193, 4.62625
409100, 3.4325e+006, -0, -0.05, 10.3333, 0.0209526, 54.8159, -69.4324, 9.80536
409270, 3.4326e+006, 0, -0.05, 10.3333, 0.0499931, 14.7707, -11.75, 8.99745
414340, 3.4298e+006, -0, -0.05, 10.3333, 2.4972, 27.8952, -55.1548, 4.84795
404950, 3.4275e+006, 0, -0.06, 10.3333, 1.42485, 5.39539, -81.0968, 4.6547
408740, 3.4331e+006, -0, -0.05, 10.3333, 0.0174747, 43.189, -101.433, 9.80363
413980, 3.4308e+006, 0, -0.05, 10.3333, 1.68812, 7.12961, -59.631, 4.88994
405000, 3.4284e+006, -0, -0.06, 10.3333, 1.26057, -48.2881, -60.5541, 4.69075
408790, 3.4338e+006, 0, -0.05, 10.3333, 0.00967278, -53.2904, -96.7008, 10.0212
413810, 3.4318e+006, -0, -0.05, 10.3333, 1.05607, 19.0338, -60.9659, 4.98653
405430, 3.4286e+006, 0, -0.06, 10.3333, 1.1416, -75.0301, -1.88831, 4.73988
409410, 3.4344e+006, -0, -0.05, 10.3333, 0.00856714, -76.5057, -63.7796, 10.0201
413270, 3.4324e+006, 0, -0.05, 10.3333, 0.92214, 60.2756, -28.1296, 5.11531
405800, 3.4292e+006, -0, -0.06, 10.3333, 0.973062, -17.8161, -76.3287, 4.84738
409990, 3.435e+006, 0, -0.05, 10.3333, 0.00342646, -39.9264, -84.9006, 10.1423
412350, 3.4324e+006, -0, -0.05, 10.3333, 0.6357, 59.3052, 17.858, 5.35967
405630, 3.4303e+006, 0, -0.06, 10.3333, 0.765081, 28.6753, -69.937, 5.07659
410120, 3.436e+006, -0, -0.05, 10.3333, 0.00232538, 13.5367, -91.9984, 10.1403
411420, 3.432e+006, 0, -0.05, 10.3333, 0.431041, 53.2165, 12.0778, 5.88488
404920, 3.431e+006, -0, -0.06, 10.3333, 0.585218, 65.5448, -31.2012, 5.46231
409580, 3.4369e+006, 0, -0.05, 10.3333, 0.000970253, 70.9111, -49.9848, 10.2191
410620, 3.4319e+006, -0, -0.05, 10.3333, 0.299423, 45.1817, -10.732, 6.66877
403690, 3.4312e+006, 0, -0.06, 10.3333, 0.441188, 78.9637, -13.8664, 5.89825
408660, 3.4374e+006, -0, -0.05, 10.3333, 0.000405562, 67.8528, -35.9096, 10.2179
409890, 3.4321e+006, 0, -0.05, 10.3333, 0.17472, 34.599, -18.2688, 7.43446
402770, 3.4318e+006, -0, -0.06, 10.3333, 0.275426, 29.5068, -90.15, 7.1705
410710, 3.405e+006, 0, -0.06, 10.3333, 6.11021, 14.2151, -22.4128, 4.82942
402910, 3.4325e+006, -0, -0.06, 10.3333, 0.179442, -83.0692, -30.4422, 8.02755
410250, 3.4058e+006, 0, -0.06, 10.3333, 7.51703, 6.72332, -25.8203, 4.81845
403870, 3.4324e+006, -0, -0.06, 10.3333, 0.153167, -75.8602, 23.9934, 8.4683
399850, 3.4013e+006, 0, -0.0898, 10.3333, 3.74305, 2.56524, -8.78752, 5.08871
410320, 3.4067e+006, -0, -0.06, 10.3333, 7.73769, -10.1705, -23.9587, 4.8163
404350, 3.4326e+006, 0, -0.06, 10.3333, 0.0532741, 3.17332, -93.8817, 9.5181
399690, 3.4018e+006, -0, -0.0802, 10.3333, 2.29516, 1.59901, -9.30783, 4.63928
410860, 3.4076e+006, 0, -0.06, 10.3333, 7.73373, -14.0805, -20.2656, 4.80691
403800, 3.4335e+006, -0, -0.06, 10.3333, 0.0533753, 51.3203, -74.2404, 9.51668
399670, 3.4024e+006, 0, -0.08, 10.3333, 2.29582, 0.272323, -7.56758, 4.8598
403660, 3.4342e+006, -0, -0.06, 10.3333, 0.0166051, -49.1231, -55.5033, 10.016
399640, 3.4031e+006, 0, -0.08, 10.3333, 2.07966, 0.995067, -4.26028, 4.82529
404250, 3.435e+006, -0, -0.06, 10.3333, 0.0166258, -31.5614, -65.595, 10.0152
399430, 3.4037e+006, 0, -0.08, 10.3333, 1.93183, 2.09149, -2.27283, 4.82524
404810, 3.4358e+006, -0, -0.06, 10.3333, 0.00377065, -56.2531, -44.787, 10.2017
399110, 3.404e+006, 0, -0.08, 10.3333, 1.65894, 2.46477, -2.09145, 4.781
405780, 3.4363e+006, -0, -0.06, 10.3333, 0.00376975, -61.4093, -15.5853, 10.1963
398960, 3.4044e+006, 0, -0.0798, 10.3333, 1.64202, 0.415743, -3.1738, 4.84694
406880, 3.4367e+006, -0, -0.06, 10.3333, 3.39838e-005, -55.8211, -22.0908, 10.2952
398870, 3.4051e+006, 0, -0.0702, 10.3333, 1.47387, 0.525807, -1.44599, 4.72857
407660, 3.4372e+006, -0, -0.06, 10.3333, 1.92532e-005, -50.5517, -34.579, 10.283
398500, 3.4055e+006, 0, -0.07, 10.3333, 1.26952, 1.07905, -0.0917873, 4.69376
407700, 3.4379e+006, -0, -0.06, 10.3333, 9.22991e-006, 50.4702, -79.6996, 10.3024
407910, 3.438e+006, 0, -0.06, 10.3333, 0.000245014, 23.3015, -27.5891, 10.2768
397940, 3.4056e+006, -0, -0.0698, 10.3333, 1.18776, 1.97106, -1.14734, 4.79954
407100, 3.4389e+006, 0, -0.06, 10.3333, 8.32428e-006, 59.1492, -114.263, 10.3033
397410, 3.4061e+006, -0, -0.0602, 10.3333, 1.05022, 1.68307, -1.59699, 4.74079
407110, 3.4399e+006, 0, -0.06, 10.3333, 3.06048e-006, -50.209, -107.309, 10.3215
396890, 3.4067e+006, -0, -0.0598, 10.3333, 0.743999, 0.716927, -0.50663, 4.54553
407930, 3.4411e+006, 0, -0.06, 10.3333, 2.18277e-006, -59.1668, -74.2081, 10.3238
396430, 3.4068e+006, -0, -0.05, 10.3333, 0.366098, 0.507601, 0.178397, 4.99413
408920, 3.4424e+006, 0, -0.06, 10.3333, 7.90348e-008, -44.3507, -67.2483, 10.3581
395900, 3.4068e+006, -0, -0.04, 10.3333, 0.149817, 1.75432, -0.0497017, 6.19448
409670, 3.4438e+006, 0, -0.06, 10.3333, 1.2012e-008, -27.6129, -73.3091, 10.3666
395170, 3.4067e+006, -0, -0.0302, 10.3333, 0.00110823, 1.935, 0.399828, 10.0009
410210, 3.445e+006, 0, -0.06, 10.3333, 1.54268e-015, -32.3913, -71.1057, 10.38